"rank","player_id","player","teams","goals","edition_breakdown"
"1","kylian-mbappe","Kylian Mbappé","France","22","2018:4|2022:8|2026:10"
"2","lionel-messi","Lionel Messi","Argentina","21","2006:1|2014:4|2018:1|2022:7|2026:8"
"3","miroslav-klose","Miroslav Klose","Germany","16","2002:5|2006:5|2010:4|2014:2"
"4","ronaldo","Ronaldo","Brazil","15","1998:4|2002:8|2006:3"
"5","gerd-muller","Gerd Müller","West Germany","14","1970:10|1974:4"
"6","harry-kane","Harry Kane","England","14","2018:6|2022:2|2026:6"
"7","just-fontaine","Just Fontaine","France","13","1958:13"
"8","pele","Pelé","Brazil","12","1958:6|1962:1|1966:1|1970:4"
"9","cristiano-ronaldo","Cristiano Ronaldo","Portugal","11","2006:1|2010:1|2014:1|2018:4|2022:1|2026:3"
"10","jurgen-klinsmann","Jürgen Klinsmann","West Germany / Germany","11","1990:3|1994:5|1998:3"
"11","sandor-kocsis","Sándor Kocsis","Hungary","11","1954:11"
"12","gabriel-batistuta","Gabriel Batistuta","Argentina","10","1994:4|1998:5|2002:1"
"13","gary-lineker","Gary Lineker","England","10","1986:6|1990:4"
"14","grzegorz-lato","Grzegorz Lato","Poland","10","1974:7|1978:2|1982:1"
"15","helmut-rahn","Helmut Rahn","West Germany","10","1954:4|1958:6"
"16","teofilo-cubillas","Teófilo Cubillas","Peru","10","1970:5|1978:5"
"17","thomas-muller","Thomas Müller","Germany","10","2010:5|2014:5"
"18","ademir","Ademir","Brazil","9","1950:9"
"19","christian-vieri","Christian Vieri","Italy","9","1998:5|2002:4"
"20","david-villa","David Villa","Spain","9","2006:3|2010:5|2014:1"
"21","eusebio","Eusébio","Portugal","9","1966:9"
"22","jairzinho","Jairzinho","Brazil","9","1970:7|1974:2"
"23","karl-heinz-rummenigge","Karl-Heinz Rummenigge","West Germany","9","1978:3|1982:5|1986:1"
"24","neymar","Neymar","Brazil","9","2014:4|2018:2|2022:2|2026:1"
"25","paolo-rossi","Paolo Rossi","Italy","9","1978:3|1982:6"
"26","roberto-baggio","Roberto Baggio","Italy","9","1990:2|1994:5|1998:2"
"27","uwe-seeler","Uwe Seeler","West Germany","9","1958:2|1962:2|1966:2|1970:3"
"28","vava","Vavá","Brazil","9","1958:5|1962:4"
"29","diego-maradona","Diego Maradona","Argentina","8","1982:2|1986:5|1994:1"
"30","guillermo-stabile","Guillermo Stábile","Argentina","8","1930:8"
"31","jude-bellingham","Jude Bellingham","England","8","2022:1|2026:7"
"32","leonidas","Leônidas","Brazil","8","1934:1|1938:7"
"33","oscar-miguez","Oscar Miguez","Uruguay","8","1950:5|1954:3"
"34","rivaldo","Rivaldo","Brazil","8","1998:3|2002:5"
"35","romelu-lukaku","Romelu Lukaku","Belgium","8","2014:1|2018:4|2026:3"
"36","rudi-voller","Rudi Völler","West Germany / Germany","8","1986:3|1990:3|1994:2"
"37","andrzej-szarmach","Andrzej Szarmach","Poland","7","1974:5|1978:1|1982:1"
"38","careca","Careca","Brazil","7","1986:5|1990:2"
"39","erling-haaland","Erling Haaland","Norway","7","2026:7"
"40","hans-schaefer","Hans Schaefer","West Germany","7","1954:4|1958:3"
"41","ivan-perisic","Ivan Perisic","Croatia","7","2014:2|2018:3|2022:1|2026:1"
"42","johnny-rep","Johnny Rep","Netherlands","7","1974:4|1978:3"
"43","lajos-tichy","Lajos Tichy","Hungary","7","1958:4|1962:3"
"44","luis-suarez","Luis Suarez","Uruguay","7","2010:3|2014:2|2018:2"
"45","oldrich-nejedly","Oldrich Nejedly","Czechoslovakia","7","1934:5|1938:2"
"46","arjen-robben","Arjen Robben","Netherlands","6","2006:1|2010:2|2014:3"
"47","asamoah-gyan","Asamoah Gyan","Ghana","6","2006:1|2010:3|2014:2"
"48","bebeto","Bebeto","Brazil","6","1994:3|1998:3"
"49","bukayo-saka","Bukayo Saka","England","6","2022:3|2026:3"
"50","cody-gakpo","Cody Gakpo","Netherlands","6","2022:3|2026:3"
"51","davor-suker","Davor Suker","Croatia","6","1998:6"
"52","dennis-bergkamp","Dennis Bergkamp","Netherlands","6","1994:3|1998:3"
"53","diego-forlan","Diego Forlan","Uruguay","6","2002:1|2010:5"
"54","enner-valencia","Enner Valencia","Ecuador","6","2014:3|2022:3"
"55","erich-probst","Erich Probst","Austria","6","1954:6"
"56","gyorgy-sarosi","Gyorgy Sarosi","Hungary","6","1934:1|1938:5"
"57","helmut-haller","Helmut Haller","West Germany","6","1966:6"
"58","hristo-stoichkov","Hristo Stoichkov","Bulgaria","6","1994:6"
"59","james-rodriguez","James Rodriguez","Colombia","6","2014:6"
"60","lothar-matthaus","Lothar Matthaeus","West Germany / Germany","6","1986:1|1990:4|1994:1"
"61","mario-kempes","Mario Kempes","Argentina","6","1978:6"
"62","max-morlock","Max Morlock","West Germany","6","1954:6"
"63","oleg-salenko","Oleg Salenko","Russia","6","1994:6"
"64","ousmane-dembele","Ousmane Dembélé","France","6","2026:6"
"65","rivellino","Rivellino","Brazil","6","1970:3|1974:3"
"66","rob-rensenbrink","Rob Rensenbrink","Netherlands","6","1974:1|1978:5"
"67","robin-van-persie","Robin Van Persie","Netherlands","6","2006:1|2010:1|2014:4"
"68","salvatore-schillaci","Salvatore Schillaci","Italy","6","1990:6"
"69","sepp-huegi","Sepp Huegi","Switzerland","6","1954:6"
"70","thierry-henry","Thierry Henry","France","6","1998:3|2006:3"
"71","wesley-sneijder","Wesley Sneijder","Netherlands","6","2010:5|2014:1"
"72","zbigniew-boniek","Zbigniew Boniek","Poland","6","1978:2|1982:4"
"73","alessandro-altobelli","Alessandro Altobelli","Italy","5","1982:1|1986:4"
"74","edinson-cavani","Edinson Cavani","Uruguay","5","2010:1|2014:1|2018:3"
"75","emilio-butragueno","Emilio Butragueno","Spain","5","1986:5"
"76","fernando-hierro","Fernando Hierro","Spain","5","1994:1|1998:2|2002:2"
"77","fernando-morientes","Fernando Morientes","Spain","5","1998:2|2002:3"
"78","franz-beckenbauer","Franz Beckenbauer","West Germany","5","1966:4|1970:1"
"79","garrincha","Garrincha","Brazil","5","1962:4|1966:1"
"80","geoff-hurst","Geoff Hurst","England","5","1966:4|1970:1"
"81","gonzalo-higuain","Gonzalo Higuain","Argentina","5","2010:4|2014:1"
"82","gyula-zsengeller","Gyula Zsengeller","Hungary","5","1938:5"
"83","hans-krankl","Hans Krankl","Austria","5","1978:4|1982:1"
"84","henrik-larsson","Henrik Larsson","Sweden","5","1994:1|2002:3|2006:1"
"85","ismaila-sarr","Ismaila Sarr","Senegal","5","2022:1|2026:4"
"86","johan-neeskens","Johan Neeskens","Netherlands","5","1974:5"
"87","jon-dahl-tomasson","Jon Dahl Tomasson","Denmark","5","2002:4|2010:1"
"88","juan-schiaffino","Juan Schiaffino","Uruguay","5","1950:3|1954:2"
"89","julian-alvarez","Julian Alvarez","Argentina","5","2022:4|2026:1"
"90","kai-havertz","Kai Havertz","Germany","5","2022:2|2026:3"
"91","kennet-andersson","Kennet Andersson","Sweden","5","1994:5"
"92","landon-donovan","Landon Donovan","USA","5","2002:2|2010:3"
"93","lukas-podolski","Lukas Podolski","Germany","5","2006:3|2010:2"
"94","marc-wilmots","Marc Wilmots","Belgium","5","1998:2|2002:3"
"95","mario-mandzukic","Mario Mandzukic","Croatia","5","2014:2|2018:3"
"96","michel-platini","Michel Platini","France","5","1978:1|1982:2|1986:2"
"97","mikel-oyarzabal","Mikel Oyarzabal","Spain","5","2026:5"
"98","olivier-giroud","Olivier Giroud","France","5","2014:1|2022:4"
"99","pedro-cea","Pedro Cea","Uruguay","5","1930:5"
"100","peter-mcparland","Peter Mcparland","Northern Ireland","5","1958:5"
"101","raul","Raul","Spain","5","1998:1|2002:3|2006:1"
"102","roger-milla","Roger Milla","Cameroon","5","1990:4|1994:1"
"103","romario","Romário","Brazil","5","1994:5"
"104","silvio-piola","Silvio Piola","Italy","5","1938:5"
"105","tim-cahill","Tim Cahill","Australia","5","2006:2|2010:1|2014:2"
"106","tomas-skuhravy","Tomas Skuhravy","Czechoslovakia","5","1990:5"
"107","valentin-ivanov","Valentin Ivanov","Soviet Union","5","1958:1|1962:4"
"108","xherdan-shaqiri","Xherdan Shaqiri","Switzerland","5","2014:3|2018:1|2022:1"
"109","zico","Zico","Brazil","5","1978:1|1982:4"
"110","zinedine-zidane","Zinedine Zidane","France","5","1998:2|2006:3"
"111","agne-simonsson","Agne Simonsson","Sweden","4","1958:4"
"112","ahmed-musa","Ahmed Musa","Nigeria","4","2014:2|2018:2"
"113","alcides-ghiggia","Alcides Ghiggia","Uruguay","4","1950:4"
"114","anatoly-bishovets","Anatoly Bishovets","Soviet Union","4","1970:4"
"115","andre-abegglen","Andre Abegglen","Switzerland","4","1934:1|1938:3"
"116","andreas-brehme","Andreas Brehme","West Germany","4","1986:1|1990:3"
"117","angelo-schiavio","Angelo Schiavio","Italy","4","1934:4"
"118","antoine-griezmann","Antoine Griezmann","France","4","2018:4"
"119","bert-patenaude","Bert Patenaude","USA","4","1930:4"
"120","bobby-charlton","Bobby Charlton","England","4","1962:1|1966:3"
"121","breel-embolo","Breel Embolo","Switzerland","4","2022:2|2026:2"
"122","carlos-borges","Carlos Borges","Uruguay","4","1954:4"
"123","chico","Chico","Brazil","4","1950:4"
"124","claudio-caniggia","Claudio Caniggia","Argentina","4","1990:2|1994:2"
"125","clint-dempsey","Clint Dempsey","USA","4","2006:1|2010:1|2014:2"
"126","daniel-bertoni","Daniel Bertoni","Argentina","4","1978:2|1982:2"
"127","denis-cheryshev","Denis Cheryshev","Russia","4","2018:4"
"128","dominique-rocheteau","Dominique Rocheteau","France","4","1978:1|1982:2|1986:1"
"129","drazen-jerkovic","Drazen Jerkovic","Yugoslavia","4","1962:4"
"130","edmund-conen","Edmund Conen","Germany","4","1934:4"
"131","ernest-wilimowski","Ernest Wilimowski","Poland","4","1938:4"
"132","estanislao-basora","Estanislao Basora","Spain","4","1950:4"
"133","ferenc-bene","Ferenc Bene","Hungary","4","1966:4"
"134","ferenc-puskas","Ferenc Puskas","Hungary","4","1954:4"
"135","fernando-torres","Fernando Torres","Spain","4","2006:3|2014:1"
"136","florian-albert","Florian Albert","Hungary","4","1962:4"
"137","florin-raducioiu","Florin Raducioiu","Romania","4","1994:4"
"138","gino-colaussi","Gino Colaussi","Italy","4","1938:4"
"139","goncalo-ramos","Goncalo Ramos","Portugal","4","2022:3|2026:1"
"140","hernan-crespo","Hernan Crespo","Argentina","4","2002:1|2006:3"
"141","igor-belanov","Igor Belanov","Soviet Union","4","1986:4"
"142","igor-chislenko","Igor Chislenko","Soviet Union","4","1962:2|1966:2"
"143","jan-ceulemans","Jan Ceulemans","Belgium","4","1986:3|1990:1"
"144","javier-hernandez","Javier Hernandez","Mexico","4","2010:2|2014:1|2018:1"
"145","joe-jordan","Joe Jordan","Scotland","4","1974:2|1978:1|1982:1"
"146","jorge-valdano","Jorge Valdano","Argentina","4","1986:4"
"147","julian-quinones","Julián Quiñones","Mexico","4","2026:4"
"148","kazimierz-deyna","Kazimierz Deyna","Poland","4","1974:3|1978:1"
"149","keisuke-honda","Keisuke Honda","Japan","4","2010:2|2014:1|2018:1"
"150","kurt-hamrin","Kurt Hamrin","Sweden","4","1958:4"
"151","leonel-sanchez","Leonel Sanchez","Chile","4","1962:4"
"152","leopoldo-luque","Leopoldo Luque","Argentina","4","1978:4"
"153","luis-hernandez","Luis Hernandez","Mexico","4","1998:4"
"154","marcelo-salas","Marcelo Salas","Chile","4","1998:4"
"155","marcus-rashford","Marcus Rashford","England","4","2022:3|2026:1"
"156","martin-dahlin","Martin Dahlin","Sweden","4","1994:4"
"157","michael-owen","Michael Owen","England","4","1998:2|2002:2"
"158","michel","Michel","Spain","4","1990:4"
"159","nandor-hidegkuti","Nandor Hidegkuti","Hungary","4","1954:4"
"160","oliver-bierhoff","Oliver Bierhoff","Germany","4","1998:3|2002:1"
"161","ottmar-walter","Ottmar Walter","West Germany","4","1954:4"
"162","paul-breitner","Paul Breitner","West Germany","4","1974:3|1982:1"
"163","pauleta","Pauleta","Portugal","4","2002:3|2006:1"
"164","preben-elkjaer-larsen","Preben Elkjaer Larsen","Denmark","4","1986:4"
"165","ralf-edstrom","Ralf Edstrom","Sweden","4","1974:4"
"166","raymond-kopa","Raymond Kopa","France","4","1954:1|1958:3"
"167","rene-houseman","Rene Houseman","Argentina","4","1974:3|1978:1"
"168","robert-ballaman","Robert Ballaman","Switzerland","4","1954:4"
"169","robert-vittek","Robert Vittek","Slovakia","4","2010:4"
"170","socrates","Socrates","Brazil","4","1982:2|1986:2"
"171","tomas-brolin","Tomas Brolin","Sweden","4","1990:1|1994:3"
"172","valeriy-porkuyan","Valeriy Porkuyan","Soviet Union","4","1966:4"
"173","vinicius-junior","Vinícius Júnior","Brazil","4","2026:4"
"174","zarra","Zarra","Spain","4","1950:4"
"175","zdenek-zikan","Zdenek Zikan","Czechoslovakia","4","1958:4"
"176","adolf-scherer","Adolf Scherer","Czechoslovakia","3","1962:3"
"177","agustin-delgado","Agustin Delgado","Ecuador","3","2002:1|2006:2"
"178","ahn-jung-hwan","Ahn Jung Hwan","South Korea","3","2002:2|2006:1"
"179","alain-giresse","Alain Giresse","France","3","1982:3"
"180","aleksandar-mitrovic","Aleksandar Mitrovic","Serbia","3","2018:1|2022:2"
"181","alfred-koerner","Alfred Koerner","Austria","3","1954:2|1958:1"
"182","alvaro-morata","Alvaro Morata","Spain","3","2022:3"
"183","amarildo","Amarildo","Brazil","3","1962:3"
"184","andre-ayew","Andre Ayew","Ghana","3","2014:2|2022:1"
"185","andre-schuerrle","Andre Schuerrle","Germany","3","2014:3"
"186","andrej-kramaric","Andrej Kramaric","Croatia","3","2018:1|2022:2"
"187","angel-di-maria","Angel Di Maria","Argentina","3","2014:1|2018:1|2022:1"
"188","arne-nyberg","Arne Nyberg","Sweden","3","1938:3"
"189","artem-dzyuba","Artem Dzyuba","Russia","3","2018:3"
"190","baltazar","Baltazar","Brazil","3","1950:2|1954:1"
"191","bernard-genghini","Bernard Genghini","France","3","1982:2|1986:1"
"192","bouba-diop","Bouba Diop","Senegal","3","2002:3"
"193","bradley-barcola","Bradley Barcola","France","3","2026:3"
"194","brian-brobbey","Brian Brobbey","Netherlands","3","2026:3"
"195","brian-mcbride","Brian Mcbride","USA","3","1998:1|2002:2"
"196","bryan-ruiz","Bryan Ruiz","Costa Rica","3","2014:2|2018:1"
"197","buhran-sargun","Buhran Sargun","Turkey","3","1954:3"
"198","carlos-peucelle","Carlos Peucelle","Argentina","3","1930:3"
"199","carlos-tevez","Carlos Tevez","Argentina","3","2006:1|2010:2"
"200","cesar-sampaio","Cesar Sampaio","Brazil","3","1998:3"
"201","charles-de-ketelaere","Charles De Ketelaere","Belgium","3","2026:3"
"202","cuauhtemoc-blanco","Cuauhtemoc Blanco","Mexico","3","1998:1|2002:1|2010:1"
"203","daniel-passarella","Daniel Passarella","Argentina","3","1978:1|1982:2"
"204","david-beckham","David Beckham","England","3","1998:1|2002:1|2006:1"
"205","david-platt","David Platt","England","3","1990:3"
"206","deniz-undav","Deniz Undav","Germany","3","2026:3"
"207","didi","Didi","Brazil","3","1954:2|1958:1"
"208","diego-costa","Diego Costa","Spain","3","2018:3"
"209","dirceu","Dirceu","Brazil","3","1978:3"
"210","dragan-stojkovic","Dragan Stojkovic","Yugoslavia","3","1990:2|1998:1"
"211","dusan-bajevic","Dusan Bajevic","Yugoslavia","3","1974:3"
"212","eden-hazard","Eden Hazard","Belgium","3","2018:3"
"213","eduard-malofeyev","Eduard Malofeyev","Soviet Union","3","1966:3"
"214","elijah-just","Elijah Just","New Zealand","3","2026:3"
"215","enzo-fernandez","Enzo Fernandez","Argentina","3","2022:1|2026:2"
"216","enzo-scifo","Enzo Scifo","Belgium","3","1986:2|1990:1"
"217","ernst-stojaspal","Ernst Stojaspal","Austria","3","1954:3"
"218","falcao","Falcao","Brazil","3","1982:3"
"219","ferran-torres","Ferran Torres","Spain","3","2022:2|2026:1"
"220","folarin-balogun","Folarin Balogun","United States","3","2026:3"
"221","fritz-walter","Fritz Walter","West Germany","3","1954:3"
"222","gerry-armstrong","Gerry Armstrong","Northern Ireland","3","1982:3"
"223","geza-toldi","Geza Toldi","Hungary","3","1934:2|1938:1"
"224","gheorghe-hagi","Gheorghe Hagi","Romania","3","1994:3"
"225","gianni-rivera","Gianni Rivera","Italy","3","1970:2|1974:1"
"226","gigi-riva","Gigi Riva","Italy","3","1970:3"
"227","giuseppe-meazza","Giuseppe Meazza","Italy","3","1934:2|1938:1"
"228","granit-xhaka","Granit Xhaka","Switzerland","3","2014:1|2018:1|2026:1"
"229","gustav-wetterstrom","Gustav Wetterstrom","Sweden","3","1938:3"
"230","harry-andersson","Harry Andersson","Sweden","3","1938:3"
"231","hector-socorro","Hector Socorro","Cuba","3","1938:3"
"232","ilhan-mansiz","Ilhan Mansiz","Turkey","3","2002:3"
"233","ismael-saibari","Ismael Saibari","Morocco","3","2026:3"
"234","ivica-bek","Ivica Bek","Yugoslavia","3","1930:3"
"235","jackie-fatton","Jackie Fatton","Switzerland","3","1950:2|1954:1"
"236","jean-nicolas","Jean Nicolas","France","3","1934:1|1938:2"
"237","jesper-olsen","Jesper Olsen","Denmark","3","1986:3"
"238","johan-cruyff","Johan Cruyff","Netherlands","3","1974:3"
"239","johan-manzambi","Johan Manzambi","Switzerland","3","2026:3"
"240","jonathan-david","Jonathan David","Canada","3","2026:3"
"241","jorge-burruchaga","Jorge Burruchaga","Argentina","3","1986:2|1990:1"
"242","jose-augusto","Jose Augusto","Portugal","3","1966:3"
"243","jose-luis-caminero","Jose Luis Caminero","Spain","3","1994:3"
"244","jose-torres","Jose Torres","Portugal","3","1966:3"
"245","juan-anselmo","Juan Anselmo","Uruguay","3","1930:3"
"246","juan-hohberg","Juan Hohberg","Uruguay","3","1954:3"
"247","julio-salinas","Julio Salinas","Spain","3","1986:1|1990:1|1994:1"
"248","karim-benzema","Karim Benzema","France","3","2014:3"
"249","karl-erik-palmer","Karl-Erik Palmer","Sweden","3","1950:3"
"250","kevin-de-bruyne","Kevin De Bruyne","Belgium","3","2014:1|2018:1|2026:1"
"251","laszlo-kiss","Laszlo Kiss","Hungary","3","1982:3"
"252","lautaro-martinez","Lautaro Martínez","Argentina","3","2026:3"
"253","leopold-anoul","Leopold Anoul","Belgium","3","1954:3"
"254","leopold-kielholz","Leopold Kielholz","Switzerland","3","1934:3"
"255","luis-artime","Luis Artime","Argentina","3","1966:3"
"256","luis-fabiano","Luis Fabiano","Brazil","3","2010:3"
"257","matheus-cunha","Matheus Cunha","Brazil","3","2026:3"
"258","maxi-rodriguez","Maxi Rodriguez","Argentina","3","2006:3"
"259","memphis-depay","Memphis Depay","Netherlands","3","2014:2|2022:1"
"260","michael-ballack","Michael Ballack","Germany","3","2002:3"
"261","milan-galic","Milan Galic","Yugoslavia","3","1962:3"
"262","mile-jedinak","Mile Jedinak","Australia","3","2014:1|2018:2"
"263","mohamed-salah","Mohamed Salah","Egypt","3","2018:2|2026:1"
"264","nat-lofthouse","Nat Lofthouse","England","3","1954:3"
"265","nelson-cuevas","Nelson Cuevas","Paraguay","3","2002:2|2006:1"
"266","nico-claesen","Nico Claesen","Belgium","3","1986:3"
"267","oreste-omar-corbatta","Oreste Omar Corbatta","Argentina","3","1958:3"
"268","oscar","Oscar","Brazil","3","1982:1|2014:2"
"269","park-jisung","Park Jisung","South Korea","3","2002:1|2006:1|2010:1"
"270","paul-pogba","Paul Pogba","France","3","2014:1|2018:2"
"271","paulo-wanchope","Paulo Wanchope","Costa Rica","3","2002:1|2006:2"
"272","peracio","Peracio","Brazil","3","1938:3"
"273","pierre-littbarski","Pierre Littbarski","West Germany","3","1982:2|1990:1"
"274","preguinho","Preguinho","Brazil","3","1930:3"
"275","rafael-leao","Rafael Leao","Portugal","3","2022:2|2026:1"
"276","rafael-marquez","Rafael Marquez","Mexico","3","2006:1|2010:1|2014:1"
"277","raimundo-orsi","Raimundo Orsi","Italy","3","1934:3"
"278","ramin-rezaeian","Ramin Rezaeian","Iran","3","2022:1|2026:2"
"279","raul-jimenez","Raúl Jiménez","Mexico","3","2026:3"
"280","richarlison","Richarlison","Brazil","3","2022:3"
"281","robbie-keane","Robbie Keane","Ireland","3","2002:3"
"282","robert-prosinecki","Robert Prosinecki","Yugoslavia / Croatia","3","1990:1|1998:2"
"283","roberto-dinamite","Roberto Dinamite","Brazil","3","1978:3"
"284","roger-hunt","Roger Hunt","England","3","1966:3"
"285","roger-piantoni","Roger Piantoni","France","3","1958:3"
"286","romeu","Romeu","Brazil","3","1938:3"
"287","ronald-gomez","Ronald Gomez","Costa Rica","3","2002:2|2006:1"
"288","salem-aldawsari","Salem Aldawsari","Saudi Arabia","3","2018:1|2022:2"
"289","sami-al-jaber","Sami Al Jaber","Saudi Arabia","3","1994:1|1998:1|2006:1"
"290","samuel-etoo","Samuel Etoo","Cameroon","3","2002:1|2010:2"
"291","son-heungmin","Son Heungmin","South Korea","3","2014:1|2018:2"
"292","stefan-dobay","Stefan Dobay","Romania","3","1934:1|1938:2"
"293","steven-gerrard","Steven Gerrard","England","3","2006:2|2010:1"
"294","stig-sundqvist","Stig Sundqvist","Sweden","3","1950:3"
"295","suat-mamat","Suat Mamat","Turkey","3","1954:3"
"296","sven-jonasson","Sven Jonasson","Sweden","3","1934:2|1938:1"
"297","theodor-wagner","Theodor Wagner","Austria","3","1954:3"
"298","toni-kroos","Toni Kroos","Germany","3","2014:2|2018:1"
"299","tostao","Tostao","Brazil","3","1966:1|1970:2"
"300","toza-veselinovic","Toza Veselinovic","Yugoslavia","3","1958:3"
"301","wahbi-khazri","Wahbi Khazri","Tunisia","3","2018:2|2022:1"
"302","walter-schachner","Walter Schachner","Austria","3","1978:1|1982:2"
"303","wolfgang-overath","Wolfgang Overath","West Germany","3","1970:1|1974:2"
"304","yerry-mina","Yerry Mina","Colombia","3","2018:3"
"305","yoane-wissa","Yoane Wissa","DR Congo","3","2026:3"
"306","youssef-en-nesyri","Youssef En Nesyri","Morocco","3","2018:1|2022:2"
"307","zoltan-czibor","Zoltan Czibor","Hungary","3","1954:3"
"308","abdel-rahman-fawzi","Abdel Rahman Fawzi","Egypt","2","1934:2"
"309","abdeljalil-hadda","Abdeljalil Hadda","Morocco","2","1998:2"
"310","abdelmoumene-djabou","Abdelmoumene Djabou","Algeria","2","2014:2"
"311","abdelrazzak-khairi","Abdelrazzak Khairi","Morocco","2","1986:2"
"312","adolfo-valencia","Adolfo Valencia","Colombia","2","1994:2"
"313","adolfo-zumelzu","Adolfo Zumelzu","Argentina","2","1930:2"
"314","adrian-knup","Adrian Knup","Switzerland","2","1994:2"
"315","adriano","Adriano","Brazil","2","2006:2"
"316","alan-shearer","Alan Shearer","England","2","1998:2"
"317","alberto-gallardo","Alberto Gallardo","Peru","2","1970:2"
"318","alberto-garcia-aspe","Alberto Garcia Aspe","Mexico","2","1994:1|1998:1"
"319","aleksandar-petakovic","Aleksandar Petakovic","Yugoslavia","2","1958:2"
"320","aleksandr-zavarov","Aleksandr Zavarov","Soviet Union","2","1986:1|1990:1"
"321","alessandro-del-piero","Alessandro Del Piero","Italy","2","2002:1|2006:1"
"322","alexander-frei","Alexander Frei","Switzerland","2","2006:2"
"323","alexis-mac-allister","Alexis Mac Allister","Argentina","2","2022:1|2026:1"
"324","alexis-sanchez","Alexis Sanchez","Chile","2","2014:2"
"325","amad-diallo","Amad Diallo","Côte d'Ivoire","2","2026:2"
"326","anatoli-ilyin","Anatoli Ilyin","Soviet Union","2","1958:2"
"327","andre-maschinot","Andre Maschinot","France","2","1930:2"
"328","andreas-granqvist","Andreas Granqvist","Sweden","2","2018:2"
"329","andres-iniesta","Andres Iniesta","Spain","2","2010:2"
"330","andriy-shevchenko","Andriy Shevchenko","Ukraine","2","2006:2"
"331","anthony-elanga","Anthony Elanga","Sweden","2","2026:2"
"332","antonin-panenka","Antonin Panenka","Czechoslovakia","2","1982:2"
"333","antonin-puc","Antonin Puc","Czechoslovakia","2","1934:2"
"334","archie-gemmill","Archie Gemmill","Scotland","2","1978:2"
"335","arie-haan","Arie Haan","Netherlands","2","1978:2"
"336","ariel-ortega","Ariel Ortega","Argentina","2","1998:2"
"337","aruna-dindane","Aruna Dindane","Côte d'Ivoire","2","2006:2"
"338","atilio-cremaschi","Atilio Cremaschi","Chile","2","1950:2"
"339","ayase-ueda","Ayase Ueda","Japan","2","2026:2"
"340","aymen-hussein","Aymen Hussein","Iraq","2","2026:2"
"341","azzedine-ounahi","Azzedine Ounahi","Morocco","2","2026:2"
"342","bartosz-bosacki","Bartosz Bosacki","Poland","2","2006:2"
"343","bastian-schweinsteiger","Bastian Schweinsteiger","Germany","2","2006:2"
"344","benni-mccarthy","Benni Mccarthy","South Africa","2","1998:1|2002:1"
"345","bernard-voorhoof","Bernard Voorhoof","Belgium","2","1934:2"
"346","bernardo-redin","Bernardo Redin","Colombia","2","1990:2"
"347","billy-hamilton","Billy Hamilton","Northern Ireland","2","1982:2"
"348","blerim-dzemaili","Blerim Dzemaili","Switzerland","2","2014:1|2018:1"
"349","brett-holman","Brett Holman","Australia","2","2010:2"
"350","brian-laudrup","Brian Laudrup","Denmark","2","1998:2"
"351","bruno-fernandes","Bruno Fernandes","Portugal","2","2022:2"
"352","bryan-robson","Bryan Robson","England","2","1982:2"
"353","carlos-tenorio","Carlos Tenorio","Ecuador","2","2006:2"
"354","carlos-vidal","Carlos Vidal","Chile","2","1930:2"
"355","casemiro","Casemiro","Brazil","2","2022:1|2026:1"
"356","cho-guesung","Cho Guesung","South Korea","2","2022:2"
"357","crysencio-summerville","Crysencio Summerville","Netherlands","2","2026:2"
"358","cyle-larin","Cyle Larin","Canada","2","2026:2"
"359","daichi-kamada","Daichi Kamada","Japan","2","2026:2"
"360","daizen-maeda","Daizen Maeda","Japan","2","2022:1|2026:1"
"361","daley-blind","Daley Blind","Netherlands","2","2014:1|2022:1"
"362","dan-ndoye","Dan Ndoye","Switzerland","2","2026:2"
"363","dan-petrescu","Dan Petrescu","Romania","2","1994:1|1998:1"
"364","daniel-amokachi","Daniel Amokachi","Nigeria","2","1994:2"
"365","daniel-munoz","Daniel Muñoz","Colombia","2","2026:2"
"366","darko-pancev","Darko Pancev","Yugoslavia","2","1990:2"
"367","david-luiz","David Luiz","Brazil","2","2014:2"
"368","davor-jozic","Davor Jozic","Yugoslavia","2","1990:2"
"369","dennis-rommedahl","Dennis Rommedahl","Denmark","2","2002:1|2010:1"
"370","derek-kevan","Derek Kevan","England","2","1958:2"
"371","didier-drogba","Didier Drogba","Côte d'Ivoire","2","2006:1|2010:1"
"372","didier-six","Didier Six","France","2","1982:2"
"373","dieter-mueller","Dieter Mueller","West Germany","2","1978:2"
"374","dino-baggio","Dino Baggio","Italy","2","1994:2"
"375","djordje-vujadinovic","Djordje Vujadinovic","Yugoslavia","2","1930:2"
"376","dries-mertens","Dries Mertens","Belgium","2","2014:1|2018:1"
"377","eder","Eder","Brazil","2","1982:2"
"378","egisto-pandolfini","Egisto Pandolfini","Italy","2","1950:1|1954:1"
"379","eladio-rojas","Eladio Rojas","Chile","2","1962:2"
"380","elano","Elano","Brazil","2","2010:2"
"381","emam-ashour","Emam Ashour","Egypt","2","2026:2"
"382","emmanuel-amuneke","Emmanuel Amuneke","Nigeria","2","1994:2"
"383","emmanuel-petit","Emmanuel Petit","France","2","1998:2"
"384","emmanuel-sanon","Emmanuel Sanon","Haiti","2","1974:2"
"385","ermin-mahmic","Ermin Mahmic","Bosnia & Herzegovina","2","2026:2"
"386","ernest-lehner","Ernest Lehner","Germany","2","1934:2"
"387","ernie-brandts","Ernie Brandts","Netherlands","2","1978:2"
"388","ernst-ocwirk","Ernst Ocwirk","Austria","2","1954:2"
"389","erwin-vandenbergh","Erwin Vandenbergh","Belgium","2","1982:1|1986:1"
"390","fernando-quirarte","Fernando Quirarte","Mexico","2","1986:2"
"391","florea-dumitrache","Florea Dumitrache","Romania","2","1970:2"
"392","florencio-amarilla","Florencio Amarilla","Paraguay","2","1958:2"
"393","francois-omam-biyik","Francois Omam-Biyik","Cameroon","2","1990:1|1994:1"
"394","fred","Fred","Brazil","2","2006:1|2014:1"
"395","fuad-amin","Fuad Amin","Saudi Arabia","2","1994:2"
"396","gabor-poloskei","Gabor Poloskei","Hungary","2","1982:2"
"397","gavril-balint","Gavril Balint","Romania","2","1990:2"
"398","gervinho","Gervinho","Côte d'Ivoire","2","2014:2"
"399","giacomo-bulgarelli","Giacomo Bulgarelli","Italy","2","1962:2"
"400","giorgian-de-arrascaeta","Giorgian De Arrascaeta","Uruguay","2","2022:2"
"401","giovanni-ferrari","Giovanni Ferrari","Italy","2","1934:2"
"402","goikoetxea","Goikoetxea","Spain","2","1994:2"
"403","guillermo-subiabre","Guillermo Subiabre","Chile","2","1930:2"
"404","habib-diarra","Habib Diarra","Senegal","2","2026:2"
"405","hans-jeppsson","Hans Jeppsson","Sweden","2","1950:2"
"406","hasan-sas","Hasan Sas","Turkey","2","2002:2"
"407","hector-castro","Hector Castro","Uruguay","2","1930:2"
"408","hector-yazalde","Hector Yazalde","Argentina","2","1974:2"
"409","heinz-flohe","Heinz Flohe","West Germany","2","1978:2"
"410","henri-camara","Henri Camara","Senegal","2","2002:2"
"411","hong-myungbo","Hong Myungbo","South Korea","2","1994:2"
"412","hristo-bonev","Hristo Bonev","Bulgaria","2","1970:1|1974:1"
"413","hwang-sun-hong","Hwang Sun Hong","South Korea","2","1994:1|2002:1"
"414","ilie-dumitrescu","Ilie Dumitrescu","Romania","2","1994:2"
"415","iordan-letchkov","Iordan Letchkov","Bulgaria","2","1994:2"
"416","iraragorri","Iraragorri","Spain","2","1934:2"
"417","islam-slimani","Islam Slimani","Algeria","2","2014:2"
"418","ivica-olic","Ivica Olic","Croatia","2","2002:1|2014:1"
"419","ivica-surjak","Ivica Surjak","Yugoslavia","2","1974:2"
"420","ivor-allchurch","Ivor Allchurch","Wales","2","1958:2"
"421","ivor-broadis","Ivor Broadis","England","2","1954:2"
"422","jackson-martinez","Jackson Martinez","Colombia","2","2014:2"
"423","jaime-ramirez","Jaime Ramirez","Chile","2","1962:2"
"424","jair","Jair","Brazil","2","1950:2"
"425","jan-vertonghen","Jan Vertonghen","Belgium","2","2014:1|2018:1"
"426","jared-borgetti","Jared Borgetti","Mexico","2","2002:2"
"427","javier-valdivia","Javier Valdivia","Mexico","2","1970:2"
"428","jean-beausejour","Jean Beausejour","Chile","2","2010:1|2014:1"
"429","jean-vincent","Jean Vincent","France","2","1954:1|1958:1"
"430","jean-pierre-papin","Jean-Pierre Papin","France","2","1986:2"
"431","joachim-streich","Joachim Streich","East Germany","2","1974:2"
"432","johann-horvath","Johann Horvath","Austria","2","1934:2"
"433","john-stones","John Stones","England","2","2018:2"
"434","john-wark","John Wark","Scotland","2","1982:2"
"435","jorge-romero","Jorge Romero","Paraguay","2","1958:2"
"436","jorge-toro","Jorge Toro","Chile","2","1962:2"
"437","jose-altafini","Jose Altafini","Brazil","2","1958:2"
"438","jose-parodi","Jose Parodi","Paraguay","2","1958:2"
"439","jose-sasia","Jose Sasia","Uruguay","2","1962:2"
"440","josimar","Josimar","Brazil","2","1986:2"
"441","jozsef-toth","Jozsef Toth","Hungary","2","1954:1|1982:1"
"442","juan-aguero","Juan Aguero","Paraguay","2","1958:2"
"443","juan-cuadrado","Juan Cuadrado","Colombia","2","2014:1|2018:1"
"444","juan-quintero","Juan Quintero","Colombia","2","2014:1|2018:1"
"445","juanito","Juanito","Spain","2","1982:1|2006:1"
"446","julinho","Julinho","Brazil","2","1954:2"
"447","julio-abbadie","Julio Abbadie","Uruguay","2","1954:2"
"448","julio-cesar-romero","Julio Cesar Romero","Paraguay","2","1986:2"
"449","junichi-inamoto","Junichi Inamoto","Japan","2","2002:2"
"450","junior","Junior","Brazil","2","1982:1|2002:1"
"451","kalman-meszoly","Kalman Meszoly","Hungary","2","1966:2"
"452","kalu-uche","Kalu Uche","Nigeria","2","2010:2"
"453","karl-hohmann","Karl Hohmann","Germany","2","1934:2"
"454","kenny-dalglish","Kenny Dalglish","Scotland","2","1978:1|1982:1"
"455","kim-younggwon","Kim Younggwon","South Korea","2","2018:1|2022:1"
"456","kjetil-rekdal","Kjetil Rekdal","Norway","2","1994:1|1998:1"
"457","klaas-jan-huntelaar","Klaas Jan Huntelaar","Netherlands","2","2010:1|2014:1"
"458","klaus-allofs","Klaus Allofs","West Germany","2","1986:2"
"459","klaus-fischer","Klaus Fischer","West Germany","2","1982:2"
"460","kosta-tomasevic","Kosta Tomasevic","Yugoslavia","2","1950:2"
"461","kudus-mohammed","Kudus Mohammed","Ghana","2","2022:2"
"462","ladislav-petras","Ladislav Petras","Czechoslovakia","2","1970:2"
"463","laszlo-fazekas","Laszlo Fazekas","Hungary","2","1982:2"
"464","leandro-trossard","Leandro Trossard","Belgium","2","2026:2"
"465","lee-chungyong","Lee Chungyong","South Korea","2","2010:2"
"466","lee-jung-soo","Lee Jung Soo","South Korea","2","2010:2"
"467","lefter-kucukandonyadis","Lefter Kucukandonyadis","Turkey","2","1954:2"
"468","lilian-thuram","Lilian Thuram","France","2","1998:2"
"469","luca-toni","Luca Toni","Italy","2","2006:2"
"470","luis-cubilla","Luis Cubilla","Uruguay","2","1962:1|1970:1"
"471","luis-enrique","Luis Enrique","Spain","2","1994:1|1998:1"
"472","luis-garcia","Luis Garcia","Mexico","2","1994:2"
"473","luis-monti","Luis Monti","Argentina","2","1930:2"
"474","luka-modric","Luka Modric","Croatia","2","2018:2"
"475","malik-tillman","Malik Tillman","United States","2","2026:2"
"476","maniche","Maniche","Portugal","2","2006:2"
"477","manuel-rosas","Manuel Rosas","Mexico","2","1930:2"
"478","marc-degryse","Marc Degryse","Belgium","2","1990:1|1994:1"
"479","marco-materazzi","Marco Materazzi","Italy","2","2006:2"
"480","marco-tardelli","Marco Tardelli","Italy","2","1982:2"
"481","marcos-rojo","Marcos Rojo","Argentina","2","2014:1|2018:1"
"482","mario-goetze","Mario Goetze","Germany","2","2014:2"
"483","mario-zagallo","Mario Zagallo","Brazil","2","1958:1|1962:1"
"484","marius-lacatus","Marius Lacatus","Romania","2","1990:2"
"485","marko-arnautovic","Marko Arnautovic","Austria","2","2026:2"
"486","marouane-fellaini","Marouane Fellaini","Belgium","2","2014:1|2018:1"
"487","martin-peters","Martin Peters","England","2","1966:1|1970:1"
"488","maryan-wisniewski","Maryan Wisniewski","France","2","1958:2"
"489","mats-hummels","Mats Hummels","Germany","2","2014:2"
"490","maxi-araujo","Maxi Araújo","Uruguay","2","2026:2"
"491","mehdi-taremi","Mehdi Taremi","Iran","2","2022:2"
"492","mesut-oezil","Mesut Oezil","Germany","2","2010:1|2014:1"
"493","michael-laudrup","Michael Laudrup","Denmark","2","1986:1|1998:1"
"494","michal-bilek","Michal Bilek","Czechoslovakia","2","1990:2"
"495","michy-batshuayi","Michy Batshuayi","Belgium","2","2018:1|2022:1"
"496","mihaly-lantos","Mihaly Lantos","Hungary","2","1954:2"
"497","mikel-merino","Mikel Merino","Spain","2","2026:2"
"498","milan-dvorak","Milan Dvorak","Czechoslovakia","2","1958:2"
"499","moderato","Moderato","Brazil","2","1930:2"
"500","mohamed-hany","Mohamed Hany","Egypt","2","2026:2"
"501","mostafa-zico","Mostafa Zico","Egypt","2","2026:2"
"502","muller","Muller","Brazil","2","1990:2"
"503","nasko-sirakov","Nasko Sirakov","Bulgaria","2","1986:1|1994:1"
"504","nelinho","Nelinho","Brazil","2","1978:2"
"505","niclas-fuellkrug","Niclas Fuellkrug","Germany","2","2022:2"
"506","nicolas-pepe","Nicolas Pépé","Côte d'Ivoire","2","2026:2"
"507","nils-liedholm","Nils Liedholm","Sweden","2","1958:2"
"508","obdulio-varela","Obdulio Varela","Uruguay","2","1950:1|1954:1"
"509","oleg-blokhin","Oleg Blokhin","Soviet Union","2","1982:1|1986:1"
"510","oliver-neuville","Oliver Neuville","Germany","2","2002:1|2006:1"
"511","omar-bravo","Omar Bravo","Mexico","2","2006:2"
"512","pablo-dorado","Pablo Dorado","Uruguay","2","1930:2"
"513","pak-seung-zin","Pak Seung Zin","North Korea","2","1966:2"
"514","pal-titkos","Pal Titkos","Hungary","2","1938:2"
"515","pape-gueye","Pape Gueye","Senegal","2","2026:2"
"516","patrick-kluivert","Patrick Kluivert","Netherlands","2","1998:2"
"517","patrick-mboma","Patrick Mboma","Cameroon","2","1998:1|2002:1"
"518","patrick-vieira","Patrick Vieira","France","2","2006:2"
"519","pedro-porro","Pedro Porro","Spain","2","2026:2"
"520","pepe","Pepe","Portugal","2","2018:1|2022:1"
"521","peter-palotas","Peter Palotas","Hungary","2","1954:2"
"522","philippe-albert","Philippe Albert","Belgium","2","1994:2"
"523","philippe-coutinho","Philippe Coutinho","Brazil","2","2018:2"
"524","phillip-cocu","Phillip Cocu","Netherlands","2","1998:2"
"525","pinga","Pinga","Brazil","2","1954:2"
"526","ramon-maria-caldere","Ramon Maria Caldere","Spain","2","1986:2"
"527","raoul-lambert","Raoul Lambert","Belgium","2","1970:2"
"528","ricardo-pelaez","Ricardo Pelaez","Mexico","2","1998:2"
"529","riccardo-carapellese","Riccardo Carapellese","Italy","2","1950:2"
"530","ritsu-doan","Ritsu Doan","Japan","2","2022:2"
"531","riyad-mahrez","Riyad Mahrez","Algeria","2","2026:2"
"532","robert-lewandowski","Robert Lewandowski","Poland","2","2022:2"
"533","roberto-bettega","Roberto Bettega","Italy","2","1978:2"
"534","roberto-boninsegna","Roberto Boninsegna","Italy","2","1970:2"
"535","roberto-cabanas","Roberto Cabanas","Paraguay","2","1986:2"
"536","robinho","Robinho","Brazil","2","2010:2"
"537","roland-sandberg","Roland Sandberg","Sweden","2","1974:2"
"538","romeo-benetti","Romeo Benetti","Italy","2","1974:1|1978:1"
"539","ron-flowers","Ron Flowers","England","2","1962:2"
"540","ronald-de-boer","Ronald De Boer","Netherlands","2","1998:2"
"541","ronaldinho","Ronaldinho","Brazil","2","2002:2"
"542","ruben-marcos","Ruben Marcos","Chile","2","1966:2"
"543","ruben-vargas","Rubén Vargas","Switzerland","2","2026:2"
"544","salah-assad","Salah Assad","Algeria","2","1982:2"
"545","salaheddine-bassir","Salaheddine Bassir","Morocco","2","1998:2"
"546","sami-khedira","Sami Khedira","Germany","2","2010:1|2014:1"
"547","serginho","Serginho","Brazil","2","1982:2"
"548","sergio-aguero","Sergio Aguero","Argentina","2","2018:2"
"549","shaun-bartlett","Shaun Bartlett","South Africa","2","1998:2"
"550","shinji-okazaki","Shinji Okazaki","Japan","2","2010:1|2014:1"
"551","silvestre-igoa","Silvestre Igoa","Spain","2","1950:2"
"552","simao","Simao","Portugal","2","2006:1|2010:1"
"553","slobodan-komljenovic","Slobodan Komljenovic","Yugoslavia","2","1998:2"
"554","soufiane-rahimi","Soufiane Rahimi","Morocco","2","2026:2"
"555","stanislav-karasi","Stanislav Karasi","Yugoslavia","2","1974:2"
"556","sulley-muntari","Sulley Muntari","Ghana","2","2006:1|2010:1"
"557","sune-andersson","Sune Andersson","Sweden","2","1950:2"
"558","takashi-inui","Takashi Inui","Japan","2","2018:2"
"559","teboho-mokoena","Teboho Mokoena","South Africa","2","2002:1|2026:1"
"560","theodore-whitmore","Theodore Whitmore","Jamaica","2","1998:2"
"561","thiago-silva","Thiago Silva","Brazil","2","2014:1|2018:1"
"562","tiago","Tiago","Portugal","2","2010:2"
"563","tibor-nyilasi","Tibor Nyilasi","Hungary","2","1982:2"
"564","tom-finney","Tom Finney","England","2","1954:1|1958:1"
"565","tomas-rosicky","Tomas Rosicky","Czechia","2","2006:2"
"566","trevor-francis","Trevor Francis","England","2","1982:2"
"567","umit-davala","Umit Davala","Turkey","2","2002:2"
"568","vaclav-hovorka","Vaclav Hovorka","Czechoslovakia","2","1958:2"
"569","victoriano-iriarte","Victoriano Iriarte","Uruguay","2","1930:2"
"570","viktor-ponedelnik","Viktor Ponedelnik","Soviet Union","2","1962:2"
"571","vincent-aboubakar","Vincent Aboubakar","Cameroon","2","2022:2"
"572","vincenzo-iaquinta","Vincenzo Iaquinta","Italy","2","2006:1|2010:1"
"573","viorel-moldovan","Viorel Moldovan","Romania","2","1998:2"
"574","wilfried-bony","Wilfried Bony","Côte d'Ivoire","2","2014:2"
"575","wilfried-van-moer","Wilfried Van Moer","Belgium","2","1970:2"
"576","wim-jonk","Wim Jonk","Netherlands","2","1994:2"
"577","wlodimierz-smolarek","Wlodimierz Smolarek","Poland","2","1982:1|1986:1"
"578","wout-weghorst","Wout Weghorst","Netherlands","2","2022:2"
"579","xabi-alonso","Xabi Alonso","Spain","2","2006:1|2014:1"
"580","yannick-stopyra","Yannick Stopyra","France","2","1986:2"
"581","yasin-ayari","Yasin Ayari","Sweden","2","2026:2"
"582","yoo-sang-chul","Yoo Sang Chul","South Korea","2","1998:1|2002:1"
"583","youri-tielemans","Youri Tielemans","Belgium","2","2026:2"
"584","zeljko-cajkovski","Zeljko Cajkovski","Yugoslavia","2","1950:2"
"585","zizinho","Zizinho","Brazil","2","1950:2"
"586","abbosbek-fayzullaev","Abbosbek Fayzullaev","Uzbekistan","1","2026:1"
"587","abdelkarim-krimau","Abdelkarim Krimau","Morocco","1","1986:1"
"588","abdulaziz-al-balushi","Abdulaziz Al Balushi","Kuwait","1","1982:1"
"589","abdulelah-al-amri","Abdulelah Al-Amri","Saudi Arabia","1","2026:1"
"590","abduvohid-nematov","Abduvohid Nematov","Uzbekistan","1","2026:1"
"591","abel-balbo","Abel Balbo","Argentina","1","1994:1"
"592","achraf-dari","Achraf Dari","Morocco","1","2022:1"
"593","achraf-hakimi","Achraf Hakimi","Morocco","1","2026:1"
"594","adalbert-desu","Adalbert Desu","Romania","1","1930:1"
"595","adelardo","Adelardo","Spain","1","1962:1"
"596","admir-mehmedi","Admir Mehmedi","Switzerland","1","2014:1"
"597","adnan-januzaj","Adnan Januzaj","Belgium","1","2018:1"
"598","adrian-ilie","Adrian Ilie","Romania","1","1998:1"
"599","adrien-rabiot","Adrien Rabiot","France","1","2022:1"
"600","agustin-canobbio","Agustín Canobbio","Uruguay","1","2026:1"
"601","ahmed-radhi","Ahmed Radhi","Iraq","1","1986:1"
"602","alain-couriol","Alain Couriol","France","1","1982:1"
"603","alain-sutter","Alain Sutter","Switzerland","1","1994:1"
"604","alan-mullery","Alan Mullery","England","1","1970:1"
"605","albert-bruells","Albert Bruells","West Germany","1","1962:1"
"606","alberto-galateo","Alberto Galateo","Argentina","1","1934:1"
"607","alberto-gilardino","Alberto Gilardino","Italy","1","2006:1"
"608","alberto-gorriz","Alberto Gorriz","Spain","1","1990:1"
"609","alberto-tarantini","Alberto Tarantini","Argentina","1","1978:1"
"610","aldo-donelli","Aldo Donelli","USA","1","1934:1"
"611","aldo-serena","Aldo Serena","Italy","1","1990:1"
"612","alejandro-scopelli","Alejandro Scopelli","Argentina","1","1930:1"
"613","aleksandar-kolarov","Aleksandar Kolarov","Serbia","1","2018:1"
"614","aleksandar-tirnanic","Aleksandar Tirnanic","Yugoslavia","1","1930:1"
"615","aleksandr-golovin","Aleksandr Golovin","Russia","1","2018:1"
"616","aleksandr-ivanov","Aleksandr Ivanov","Soviet Union","1","1958:1"
"617","aleksandr-kerzhakov","Aleksandr Kerzhakov","Russia","1","2014:1"
"618","aleksandr-kokorin","Aleksandr Kokorin","Russia","1","2014:1"
"619","aleksandre-chivadze","Aleksandre Chivadze","Soviet Union","1","1982:1"
"620","aleksei-mamykin","Aleksei Mamykin","Soviet Union","1","1962:1"
"621","alex-baena","Álex Baena","Spain","1","2026:1"
"622","alex-czerniatynski","Alex Czerniatynski","Belgium","1","1982:1"
"623","alex-freeman","Alex Freeman","United States","1","2026:1"
"624","alexander-isak","Alexander Isak","Sweden","1","2026:1"
"625","alexandru-neagu","Alexandru Neagu","Romania","1","1970:1"
"626","alexis-saelemaekers","Alexis Saelemaekers","Belgium","1","2026:1"
"627","alfred-finnbogason","Alfred Finnbogason","Iceland","1","2018:1"
"628","alfred-pfaff","Alfred Pfaff","West Germany","1","1954:1"
"629","alfredo-del-aguila","Alfredo Del Aguila","Mexico","1","1962:1"
"630","alfredo-ii","Alfredo Ii","Brazil","1","1950:1"
"631","ali-kaabi","Ali Kaabi","Tunisia","1","1978:1"
"632","ali-olwan","Ali Olwan","Jordan","1","2026:1"
"633","ali-thani-jumaa","Ali Thani Jumaa","United Arab Emirates","1","1990:1"
"634","allan-clarke","Allan Clarke","England","1","1970:1"
"635","allan-nielsen","Allan Nielsen","Denmark","1","1998:1"
"636","alphonso-davies","Alphonso Davies","Canada","1","2022:1"
"637","alvaro-fidalgo","Álvaro Fidalgo","Mexico","1","2026:1"
"638","alvaro-pereira","Alvaro Pereira","Uruguay","1","2010:1"
"639","alvaro-recoba","Alvaro Recoba","Uruguay","1","2002:1"
"640","amancio","Amancio","Spain","1","1966:1"
"641","amine-gouiri","Amine Gouiri","Algeria","1","2026:1"
"642","amleto-frignani","Amleto Frignani","Italy","1","1954:1"
"643","anatoli-banishevski","Anatoli Banishevski","Soviet Union","1","1966:1"
"644","anders-svensson","Anders Svensson","Sweden","1","2002:1"
"645","andras-toth","Andras Toth","Hungary","1","1978:1"
"646","andre-carrillo","Andre Carrillo","Peru","1","2018:1"
"647","andrea-pirlo","Andrea Pirlo","Italy","1","2006:1"
"648","andreas-christensen","Andreas Christensen","Denmark","1","2022:1"
"649","andreas-herzog","Andreas Herzog","Austria","1","1998:1"
"650","andreas-moeller","Andreas Moeller","Germany","1","1998:1"
"651","andreas-ogris","Andreas Ogris","Austria","1","1990:1"
"652","andreas-samaris","Andreas Samaris","Greece","1","2014:1"
"653","andreas-schjelderup","Andreas Schjelderup","Norway","1","2026:1"
"654","andrei-bal","Andrei Bal","Soviet Union","1","1982:1"
"655","andrei-zygmantovich","Andrei Zygmantovich","Soviet Union","1","1990:1"
"656","andres-guardado","Andres Guardado","Mexico","1","2014:1"
"657","andres-prieto","Andres Prieto","Chile","1","1950:1"
"658","andriy-rusol","Andriy Rusol","Ukraine","1","2006:1"
"659","andrzej-buncol","Andrzej Buncol","Poland","1","1982:1"
"660","angel-ruben-cabrera","Angel Ruben Cabrera","Uruguay","1","1962:1"
"661","angelo-domenghini","Angelo Domenghini","Italy","1","1970:1"
"662","ante-budimir","Ante Budimir","Croatia","1","2026:1"
"663","ante-rebic","Ante Rebic","Croatia","1","2018:1"
"664","anthony-gordon","Anthony Gordon","England","1","2026:1"
"665","antolin-alcaraz","Antolín Alcaraz","Paraguay","1","2010:1"
"666","antonio-alzamendi","Antonio Alzamendi","Uruguay","1","1986:1"
"667","antonio-cabrini","Antonio Cabrini","Italy","1","1982:1"
"668","antonio-di-natale","Antonio Di Natale","Italy","1","2010:1"
"669","antonio-nusa","Antonio Nusa","Norway","1","2026:1"
"670","antonio-rada","Antonio Rada","Colombia","1","1962:1"
"671","antonio-simoes","Antonio Simoes","Portugal","1","1966:1"
"672","ao-tanaka","Ao Tanaka","Japan","1","2022:1"
"673","arda-guler","Arda Güler","Türkiye","1","2026:1"
"674","arne-brustad","Arne Brustad","Norway","1","1938:1"
"675","arne-friedrich","Arne Friedrich","Germany","1","2010:1"
"676","aron-winter","Aron Winter","Netherlands","1","1994:1"
"677","arturo-vazquez","Arturo Vazquez","Mexico","1","1978:1"
"678","asparukh-nikodimov","Asparukh Nikodimov","Bulgaria","1","1970:1"
"679","atilio-lopez","Atilio Lopez","Paraguay","1","1950:1"
"680","aurelien-tchouameni","Aurelien Tchouameni","France","1","2022:1"
"681","auston-trusty","Auston Trusty","United States","1","2026:1"
"682","avdija-vrsajevic","Avdija Vrsajevic","Bosnia-Herzegovina","1","2014:1"
"683","bakary-kone","Bakary Kone","Côte d'Ivoire","1","2006:1"
"684","baris-alper-yilmaz","Baris Alper Yilmaz","Türkiye","1","2026:1"
"685","bart-mcghee","Bart Mcghee","USA","1","1930:1"
"686","benito-lorenzi","Benito Lorenzi","Italy","1","1954:1"
"687","benjamin-pavard","Benjamin Pavard","France","1","2018:1"
"688","bernard-lacombe","Bernard Lacombe","France","1","1978:1"
"689","bernd-cullmann","Bernd Cullmann","West Germany","1","1974:1"
"690","bernd-hoelzenbein","Bernd Hoelzenbein","West Germany","1","1978:1"
"691","bernd-schneider","Bernd Schneider","Germany","1","2002:1"
"692","berni-klodt","Berni Klodt","West Germany","1","1954:1"
"693","beto","Beto","Portugal","1","2002:1"
"694","bixente-lizarazu","Bixente Lizarazu","France","1","1998:1"
"695","blagoje-marjanovic","Blagoje Marjanovic","Yugoslavia","1","1930:1"
"696","blaise-matuidi","Blaise Matuidi","France","1","2014:1"
"697","bobby-collins","Bobby Collins","Scotland","1","1958:1"
"698","bonaventure-kalou","Bonaventure Kalou","Côte d'Ivoire","1","2006:1"
"699","bongani-khumalo","Bongani Khumalo","South Africa","1","2010:1"
"700","boudewijn-zenden","Boudewijn Zenden","Netherlands","1","1998:1"
"701","boulaye-dia","Boulaye Dia","Senegal","1","2022:1"
"702","brahimi-yacine","Brahimi Yacine","Algeria","1","2014:1"
"703","branco","Branco","Brazil","1","1994:1"
"704","branko-oblak","Branko Oblak","Yugoslavia","1","1974:1"
"705","branko-zebec","Branko Zebec","Yugoslavia","1","1954:1"
"706","brian-cipenga","Brian Cipenga","DR Congo","1","2026:1"
"707","bror-mellberg","Bror Mellberg","Sweden","1","1950:1"
"708","bruce-murray","Bruce Murray","USA","1","1990:1"
"709","bruno-conti","Bruno Conti","Italy","1","1982:1"
"710","bruno-mora","Bruno Mora","Italy","1","1962:1"
"711","bruno-petkovic","Bruno Petkovic","Croatia","1","2022:1"
"712","bruno-pezzey","Bruno Pezzey","Austria","1","1982:1"
"713","bryan-roy","Bryan Roy","Netherlands","1","1994:1"
"714","bulent-korkmaz","Bulent Korkmaz","Turkey","1","2002:1"
"715","cacau","Cacau","Germany","1","2010:1"
"716","caleb-yirenkyi","Caleb Yirenkyi","Ghana","1","2026:1"
"717","cameron-burgess","Cameron Burgess","Australia","1","2026:1"
"718","carles-puyol","Carles Puyol","Spain","1","2010:1"
"719","carlo-costly","Carlo Costly","Honduras","1","2014:1"
"720","carlo-galli","Carlo Galli","Italy","1","1954:1"
"721","carlos-alberto","Carlos Alberto","Brazil","1","1970:1"
"722","carlos-babington","Carlos Babington","Argentina","1","1974:1"
"723","carlos-manuel","Carlos Manuel","Portugal","1","1986:1"
"724","carlos-soler","Carlos Soler","Spain","1","2022:1"
"725","carlos-valderrama","Carlos Valderrama","Colombia","1","1990:1"
"726","carlos-vela","Carlos Vela","Mexico","1","2018:1"
"727","carsten-jancker","Carsten Jancker","Germany","1","2002:1"
"728","cayetano-re","Cayetano Re","Paraguay","1","1958:1"
"729","celso-ayala","Celso Ayala","Paraguay","1","1998:1"
"730","cesar-cueto","Cesar Cueto","Peru","1","1978:1"
"731","cesar-lopez-fretes","Cesar Lopez Fretes","Paraguay","1","1950:1"
"732","charles-aranguiz","Charles Aranguiz","Chile","1","2014:1"
"733","cheikh-dieng","Cheikh Dieng","Senegal","1","2022:1"
"734","choi-soon-ho","Choi Soon Ho","South Korea","1","1986:1"
"735","christian-eriksen","Christian Eriksen","Denmark","1","2018:1"
"736","christian-lopez","Christian Lopez","France","1","1978:1"
"737","christian-pulisic","Christian Pulisic","USA","1","2022:1"
"738","christophe-dugarry","Christophe Dugarry","France","1","1998:1"
"739","claudio-lopez","Claudio Lopez","Argentina","1","1998:1"
"740","claudio-marchisio","Claudio Marchisio","Italy","1","2014:1"
"741","clint-mathis","Clint Mathis","USA","1","2002:1"
"742","clodoaldo","Clodoaldo","Brazil","1","1970:1"
"743","colin-clarke","Colin Clarke","Northern Ireland","1","1986:1"
"744","connor-metcalfe","Connor Metcalfe","Australia","1","2026:1"
"745","conny-torstensson","Conny Torstensson","Sweden","1","1974:1"
"746","constantin-stanciu","Constantin Stanciu","Romania","1","1930:1"
"747","craig-burley","Craig Burley","Scotland","1","1998:1"
"748","craig-goodwin","Craig Goodwin","Australia","1","2022:1"
"749","craig-moore","Craig Moore","Australia","1","2006:1"
"750","cristian-riveros","Cristian Riveros","Paraguay","1","2010:1"
"751","cristian-romero","Cristian Romero","Argentina","1","2026:1"
"752","damian-bobadilla","Damián Bobadilla","Paraguay","1","2026:1"
"753","damien-duff","Damien Duff","Ireland","1","2002:1"
"754","dan-eggen","Dan Eggen","Norway","1","1998:1"
"755","dani","Dani","Spain","1","1978:1"
"756","dani-olmo","Dani Olmo","Spain","1","2022:1"
"757","daniel-borimirov","Daniel Borimirov","Bulgaria","1","1994:1"
"758","daniel-fonseca","Daniel Fonseca","Uruguay","1","1990:1"
"759","daniel-sturridge","Daniel Sturridge","England","1","2014:1"
"760","daniel-veyt","Daniel Veyt","Belgium","1","1986:1"
"761","daniele-de-rossi","Daniele De Rossi","Italy","1","2010:1"
"762","daniele-massaro","Daniele Massaro","Italy","1","1994:1"
"763","darijo-srna","Darijo Srna","Croatia","1","2006:1"
"764","dario-rodriguez","Dario Rodriguez","Uruguay","1","2002:1"
"765","darren-anderton","Darren Anderton","England","1","1998:1"
"766","david-embe","David Embe","Cameroon","1","1994:1"
"767","david-narey","David Narey","Scotland","1","1982:1"
"768","david-trezeguet","David Trezeguet","France","1","1998:1"
"769","davy-klaassen","Davy Klaassen","Netherlands","1","2022:1"
"770","declan-rice","Declan Rice","England","1","2026:1"
"771","deco","Deco","Portugal","1","2006:1"
"772","dele-alli","Dele Alli","England","1","2018:1"
"773","dennis-wilshaw","Dennis Wilshaw","England","1","1954:1"
"774","denzel-dumfries","Denzel Dumfries","Netherlands","1","2022:1"
"775","deroy-duarte","Deroy Duarte","Cape Verde","1","2026:1"
"776","derrick-luckassen","Derrick Luckassen","Ghana","1","2026:1"
"777","desire-doue","Désiré Doué","France","1","2026:1"
"778","diamantino","Diamantino","Portugal","1","1986:1"
"779","dick-nanninga","Dick Nanninga","Netherlands","1","1978:1"
"780","diego-godin","Diego Godin","Uruguay","1","2014:1"
"781","dimitrios-salpingidis","Dimitrios Salpingidis","Greece","1","2010:1"
"782","diney-borges","Diney Borges","Cape Verde","1","2026:1"
"783","dinko-dermendzhiev","Dinko Dermendzhiev","Bulgaria","1","1970:1"
"784","dirk-kuyt","Dirk Kuyt","Netherlands","1","2010:1"
"785","divock-origi","Divock Origi","Belgium","1","2014:1"
"786","djalma-santos","Djalma Santos","Brazil","1","1954:1"
"787","djamel-zidane","Djamel Zidane","Algeria","1","1986:1"
"788","dmitri-radchenko","Dmitri Radchenko","Russia","1","1994:1"
"789","dmitri-sychev","Dmitri Sychev","Russia","1","2002:1"
"790","dobromir-jechev","Dobromir Jechev","Bulgaria","1","1970:1"
"791","domagoj-vida","Domagoj Vida","Croatia","1","2018:1"
"792","dragan-dzajic","Dragan Dzajic","Yugoslavia","1","1974:1"
"793","dusan-vlahovic","Dusan Vlahovic","Serbia","1","2022:1"
"794","dylan-bronn","Dylan Bronn","Tunisia","1","2018:1"
"795","earnie-stewart","Earnie Stewart","USA","1","1994:1"
"796","ebbe-sand","Ebbe Sand","Denmark","1","1998:1"
"797","edgar-davids","Edgar Davids","Netherlands","1","1998:1"
"798","edin-dzeko","Edin Dzeko","Bosnia-Herzegovina","1","2014:1"
"799","edinho","Edinho","Brazil","1","1986:1"
"800","edison-mendez","Edison Mendez","Ecuador","1","2002:1"
"801","edmilson","Edmilson","Brazil","1","2002:1"
"802","eduardo-laing","Eduardo Laing","Honduras","1","1982:1"
"803","eduardo-vargas","Eduardo Vargas","Chile","1","2014:1"
"804","egor-titov","Egor Titov","Russia","1","2002:1"
"805","eldor-shomurodov","Eldor Shomurodov","Uzbekistan","1","2026:1"
"806","ellyes-skhiri","Ellyes Skhiri","Tunisia","1","2026:1"
"807","eloy","Eloy","Spain","1","1986:1"
"808","emerich-dembrovschi","Emerich Dembrovschi","Romania","1","1970:1"
"809","emil-forsberg","Emil Forsberg","Sweden","1","2018:1"
"810","emil-kostadinov","Emil Kostadinov","Bulgaria","1","1998:1"
"811","emile-heskey","Emile Heskey","England","1","2002:1"
"812","emile-veinante","Emile Veinante","France","1","1938:1"
"813","emmanuel-kunde","Emmanuel Kunde","Cameroon","1","1990:1"
"814","emmanuel-olisadebe","Emmanuel Olisadebe","Poland","1","2002:1"
"815","emre-belozoglu","Emre Belozoglu","Turkey","1","2002:1"
"816","enrique-borja","Enrique Borja","Mexico","1","1966:1"
"817","enrique-guaita","Enrique Guaita","Italy","1","1934:1"
"818","enrique-saura","Enrique Saura","Spain","1","1982:1"
"819","enrique-vera","Enrique Vera","Paraguay","1","2010:1"
"820","enzo-francescoli","Enzo Francescoli","Uruguay","1","1986:1"
"821","eric-maxim-choupo-moting","Eric Maxim Choupo-Moting","Cameroon","1","2022:1"
"822","eric-wynalda","Eric Wynalda","USA","1","1994:1"
"823","erich-obermayer","Erich Obermayer","Austria","1","1978:1"
"824","ermes-muccinelli","Ermes Muccinelli","Italy","1","1950:1"
"825","ermindo-onega","Ermindo Onega","Argentina","1","1966:1"
"826","ernesto-belis","Ernesto Belis","Argentina","1","1934:1"
"827","ernesto-vidal","Ernesto Vidal","Uruguay","1","1950:1"
"828","erno-solymosi","Erno Solymosi","Hungary","1","1962:1"
"829","erol-keskin","Erol Keskin","Turkey","1","1954:1"
"830","erwin-sanchez","Erwin Sanchez","Bolivia","1","1994:1"
"831","esteban-cambiasso","Esteban Cambiasso","Argentina","1","2006:1"
"832","eugen-walaschek","Eugen Walaschek","Switzerland","1","1938:1"
"833","eugene-ekeke","Eugene Ekeke","Cameroon","1","1990:1"
"834","ezri-konsa","Ezri Konsa","England","1","2026:1"
"835","fabian-ruiz","Fabián Ruiz","Spain","1","2026:1"
"836","fabio-capello","Fabio Capello","Italy","1","1974:1"
"837","fabio-grosso","Fabio Grosso","Italy","1","2006:1"
"838","fabio-quagliarella","Fabio Quagliarella","Italy","1","2010:1"
"839","fahad-al-ghesheyan","Fahad Al Ghesheyan","Saudi Arabia","1","1994:1"
"840","faisal-al-dakhil","Faisal Al Dakhil","Kuwait","1","1982:1"
"841","fakhreddine-ben-youssef","Fakhreddine Ben Youssef","Tunisia","1","2018:1"
"842","famara-diedhiou","Famara Diedhiou","Senegal","1","2022:1"
"843","felipe-baloy","Felipe Baloy","Panama","1","2018:1"
"844","felix-nmecha","Felix Nmecha","Germany","1","2026:1"
"845","ferjani-sassi","Ferjani Sassi","Tunisia","1","2018:1"
"846","fernandinho","Fernandinho","Brazil","1","2014:1"
"847","fernando-riera","Fernando Riera","Chile","1","1950:1"
"848","filippo-inzaghi","Filippo Inzaghi","Italy","1","2006:1"
"849","finidi-george","Finidi George","Nigeria","1","1994:1"
"850","finn-surman","Finn Surman","New Zealand","1","2026:1"
"851","fiston-mayele","Fiston Mayele","DR Congo","1","2026:1"
"852","flavio","Flavio","Angola","1","2006:1"
"853","florent-malouda","Florent Malouda","France","1","2010:1"
"854","francesco-graziani","Francesco Graziani","Italy","1","1982:1"
"855","francesco-totti","Francesco Totti","Italy","1","2006:1"
"856","francisco-arce","Francisco Arce","Paraguay","1","2002:1"
"857","francisco-varallo","Francisco Varallo","Argentina","1","1930:1"
"858","francisco-zuluaga","Francisco Zuluaga","Colombia","1","1962:1"
"859","franck-kessie","Franck Kessié","Côte d'Ivoire","1","2026:1"
"860","franck-ribery","Franck Ribéry","France","1","2006:1"
"861","franco-causio","Franco Causio","Italy","1","1978:1"
"862","frank-vercauteren","Frank Vercauteren","Belgium","1","1986:1"
"863","frank-wallace","Frank Wallace","USA","1","1950:1"
"864","frantisek-svoboda","Frantisek Svoboda","Czechoslovakia","1","1934:1"
"865","freddy-rincon","Freddy Rincon","Colombia","1","1990:1"
"866","fredrik-ljungberg","Fredrik Ljungberg","Sweden","1","2006:1"
"867","fredy-bickel","Fredy Bickel","Switzerland","1","1938:1"
"868","frenkie-de-jong","Frenkie De Jong","Netherlands","1","2022:1"
"869","friaca","Friaca","Brazil","1","1950:1"
"870","fryedryk-szerfke","Fryedryk Szerfke","Poland","1","1938:1"
"871","fulvio-nesti","Fulvio Nesti","Italy","1","1954:1"
"872","gabriel-heinze","Gabriel Heinze","Argentina","1","2010:1"
"873","gabriel-martinelli","Gabriel Martinelli","Brazil","1","2026:1"
"874","gabriel-mercado","Gabriel Mercado","Argentina","1","2018:1"
"875","gaizka-mendieta","Gaizka Mendieta","Spain","1","2002:1"
"876","gareth-bale","Gareth Bale","Wales","1","2022:1"
"877","gary-breen","Gary Breen","Ireland","1","2002:1"
"878","gaston-taument","Gaston Taument","Netherlands","1","1994:1"
"879","gavi","Gavi","Spain","1","2022:1"
"880","gelson-fernandes","Gelson Fernandes","Switzerland","1","2010:1"
"881","genki-haraguchi","Genki Haraguchi","Japan","1","2018:1"
"882","georges-bregy","Georges Bregy","Switzerland","1","1994:1"
"883","georges-grun","Georges Grun","Belgium","1","1994:1"
"884","georges-verriest","Georges Verriest","France","1","1934:1"
"885","georgi-asparukhov","Georgi Asparukhov","Bulgaria","1","1966:1"
"886","georgi-sokolov","Georgi Sokolov","Bulgaria","1","1962:1"
"887","georginio-wijnaldum","Georginio Wijnaldum","Netherlands","1","2014:1"
"888","georgios-samaras","Georgios Samaras","Greece","1","2014:1"
"889","gerard-hausser","Gerard Hausser","France","1","1966:1"
"890","gerard-soler","Gerard Soler","France","1","1982:1"
"891","gerardo-torrado","Gerardo Torrado","Mexico","1","2002:1"
"892","gerhard-rodax","Gerhard Rodax","Austria","1","1990:1"
"893","german-aceros","German Aceros","Colombia","1","1962:1"
"894","gerry-hitchens","Gerry Hitchens","England","1","1962:1"
"895","gerson","Gerson","Brazil","1","1970:1"
"896","gessime-yassine","Gessime Yassine","Morocco","1","2026:1"
"897","giampiero-boniperti","Giampiero Boniperti","Italy","1","1954:1"
"898","gianluca-zambrotta","Gianluca Zambrotta","Italy","1","2006:1"
"899","gilberto-melo","Gilberto Melo","Brazil","1","2006:1"
"900","gino-pariani","Gino Pariani","USA","1","1950:1"
"901","giovani-dos-santos","Giovani Dos Santos","Mexico","1","2014:1"
"902","giovani-lo-celso","Giovani Lo Celso","Argentina","1","2026:1"
"903","giovanni-reyna","Giovanni Reyna","United States","1","2026:1"
"904","giovanni-van-bronckhorst","Giovanni Van Bronckhorst","Netherlands","1","2010:1"
"905","giuseppe-giannini","Giuseppe Giannini","Italy","1","1990:1"
"906","glenn-stromberg","Glenn Stromberg","Sweden","1","1990:1"
"907","goiko","Goiko","Spain","1","1986:1"
"908","gonzalo-plata","Gonzalo Plata","Ecuador","1","2026:1"
"909","goran-vlaovic","Goran Vlaovic","Croatia","1","1998:1"
"910","gordon-strachan","Gordon Strachan","Scotland","1","1986:1"
"911","gosta-dunker","Gosta Dunker","Sweden","1","1934:1"
"912","graeme-souness","Graeme Souness","Scotland","1","1982:1"
"913","gregoire-mbida","Gregoire Mbida","Cameroon","1","1982:1"
"914","grzegorz-krychowiak","Grzegorz Krychowiak","Poland","1","2018:1"
"915","guillermo-la-rosa","Guillermo La Rosa","Peru","1","1982:1"
"916","gunnar-gren","Gunnar Gren","Sweden","1","1958:1"
"917","gustavo-moscoso","Gustavo Moscoso","Chile","1","1982:1"
"918","gustavo-pena","Gustavo Pena","Mexico","1","1970:1"
"919","gylfi-sigurdsson","Gylfi Sigurdsson","Iceland","1","2018:1"
"920","ha-seok-ju","Ha Seok Ju","South Korea","1","1998:1"
"921","haji-wright","Haji Wright","USA","1","2022:1"
"922","hakan-mild","Hakan Mild","Sweden","1","1994:1"
"923","hakan-sukur","Hakan Sukur","Turkey","1","2002:1"
"924","hakim-ziyech","Hakim Ziyech","Morocco","1","2022:1"
"925","hamid-estili","Hamid Estili","Iran","1","1998:1"
"926","haminu-draman","Haminu Draman","Ghana","1","2006:1"
"927","hans-ciesclarczyk","Hans Ciesclarczyk","West Germany","1","1958:1"
"928","hans-vanaken","Hans Vanaken","Belgium","1","2026:1"
"929","hansi-mueller","Hansi Mueller","West Germany","1","1978:1"
"930","haris-seferovic","Haris Seferovic","Switzerland","1","2014:1"
"931","harold-lozano","Harold Lozano","Colombia","1","1994:1"
"932","harry-kewell","Harry Kewell","Australia","1","2006:1"
"933","harry-maguire","Harry Maguire","England","1","2018:1"
"934","hassan-al-haydos","Hassan Al-Haydos","Qatar","1","2026:1"
"935","hassan-al-tambakti","Hassan Al-Tambakti","Saudi Arabia","1","2026:1"
"936","hassan-nader","Hassan Nader","Morocco","1","1994:1"
"937","hassan-rowshan","Hassan Rowshan","Iran","1","1978:1"
"938","havard-flo","Havard Flo","Norway","1","1998:1"
"939","hazem-mastouri","Hazem Mastouri","Tunisia","1","2026:1"
"940","hector-chumpitaz","Hector Chumpitaz","Peru","1","1970:1"
"941","hector-de-bourgoing","Hector De Bourgoing","France","1","1966:1"
"942","hector-facundo","Hector Facundo","Argentina","1","1962:1"
"943","hector-hernandez","Hector Hernandez","Mexico","1","1962:1"
"944","hector-ortiz","Hector Ortiz","Mexico","1","1950:1"
"945","hector-scarone","Hector Scarone","Uruguay","1","1930:1"
"946","hector-zelaya","Hector Zelaya","Honduras","1","1982:1"
"947","heinz-schneiter","Heinz Schneiter","Switzerland","1","1962:1"
"948","helio-varela","Hélio Varela","Cape Verde","1","2026:1"
"949","henri-isemborghs","Henri Isemborghs","Belgium","1","1938:1"
"950","henry-martin","Henry Martin","Mexico","1","2022:1"
"951","herman-gaviria","Herman Gaviria","Colombia","1","1994:1"
"952","hernan-medford","Hernan Medford","Costa Rica","1","1990:1"
"953","hidetoshi-nakata","Hidetoshi Nakata","Japan","1","2002:1"
"954","hiroaki-morishima","Hiroaki Morishima","Japan","1","2002:1"
"955","hirving-lozano","Hirving Lozano","Mexico","1","2018:1"
"956","horacio-casarin","Horacio Casarin","Mexico","1","1950:1"
"957","horst-hrubesch","Horst Hrubesch","West Germany","1","1982:1"
"958","horst-szymaniak","Horst Szymaniak","West Germany","1","1962:1"
"959","houmane-jarir","Houmane Jarir","Morocco","1","1970:1"
"960","hugo-almeida","Hugo Almeida","Portugal","1","2010:1"
"961","hugo-sanchez","Hugo Sanchez","Mexico","1","1986:1"
"962","huh-jungmoo","Huh Jungmoo","South Korea","1","1986:1"
"963","hwang-heechan","Hwang Heechan","South Korea","1","2022:1"
"964","hwang-in-beom","Hwang In-Beom","South Korea","1","2026:1"
"965","hwangbo-kwan","Hwangbo Kwan","South Korea","1","1990:1"
"966","iago-aspas","Iago Aspas","Spain","1","2018:1"
"967","ibrahim-mbaye","Ibrahim Mbaye","Senegal","1","2026:1"
"968","igor-dobrovolskyi","Igor Dobrovolskyi","Soviet Union","1","1990:1"
"969","ildo-maneiro","Ildo Maneiro","Uruguay","1","1970:1"
"970","ilija-petkovic","Ilija Petkovic","Yugoslavia","1","1974:1"
"971","iliman-ndiaye","Iliman Ndiaye","Senegal","1","2026:1"
"972","ilkay-guendogan","Ilkay Guendogan","Germany","1","2022:1"
"973","iraj-danaeifard","Iraj Danaeifard","Iran","1","1978:1"
"974","isco","Isco","Spain","1","2018:1"
"975","isidoro-diaz","Isidoro Diaz","Mexico","1","1962:1"
"976","isidro-langara","Isidro Langara","Spain","1","1934:1"
"977","issa-diop","Issa Diop","Morocco","1","2026:1"
"978","iuliu-baratky","Iuliu Baratky","Romania","1","1938:1"
"979","iury-gazinsky","Iury Gazinsky","Russia","1","2018:1"
"980","ivan-gudelj","Ivan Gudelj","Yugoslavia","1","1982:1"
"981","ivan-hasek","Ivan Hasek","Czechoslovakia","1","1990:1"
"982","ivan-kaviedes","Ivan Kaviedes","Ecuador","1","2006:1"
"983","ivan-rakitic","Ivan Rakitic","Croatia","1","2018:1"
"984","ivan-yaremchuk","Ivan Yaremchuk","Soviet Union","1","1986:1"
"985","ivica-vastic","Ivica Vastic","Austria","1","1998:1"
"986","jack-grealish","Jack Grealish","England","1","2022:1"
"987","jackie-mudie","Jackie Mudie","Scotland","1","1958:1"
"988","jaime-belmonte","Jaime Belmonte","Mexico","1","1958:1"
"989","jamal-musiala","Jamal Musiala","Germany","1","2026:1"
"990","jaminton-campaz","Jáminton Campaz","Colombia","1","2026:1"
"991","jan-bednarek","Jan Bednarek","Poland","1","2018:1"
"992","jan-koller","Jan Koller","Czechia","1","2006:1"
"993","jan-paul-van-hecke","Jan Paul Van Hecke","Netherlands","1","2026:1"
"994","janos-farkas","Janos Farkas","Hungary","1","1966:1"
"995","janusz-kupcewicz","Janusz Kupcewicz","Poland","1","1982:1"
"996","jaouhar-mnari","Jaouhar Mnari","Tunisia","1","2006:1"
"997","javier-ambrois","Javier Ambrois","Uruguay","1","1954:1"
"998","javier-fragoso","Javier Fragoso","Mexico","1","1970:1"
"999","javier-saviola","Javier Saviola","Argentina","1","2006:1"
"1000","javier-zanetti","Javier Zanetti","Argentina","1","1998:1"
"1001","jean-tigana","Jean Tigana","France","1","1986:1"
"1002","jean-charles-castelletto","Jean-Charles Castelletto","Cameroon","1","2022:1"
"1003","jean-marc-ferreri","Jean-Marc Ferreri","France","1","1986:1"
"1004","jeno-vincze","Jeno Vincze","Hungary","1","1934:1"
"1005","jermain-defoe","Jermain Defoe","England","1","2010:1"
"1006","jermaine-jones","Jermaine Jones","USA","1","2014:1"
"1007","jerzy-gorgon","Jerzy Gorgon","Poland","1","1974:1"
"1008","jesse-lingard","Jesse Lingard","England","1","2018:1"
"1009","jesus-zamora","Jesus Zamora","Spain","1","1982:1"
"1010","jhon-arias","Jhon Arias","Colombia","1","2026:1"
"1011","ji-yun-nam","Ji Yun Nam","North Korea","1","2010:1"
"1012","jim-brown","Jim Brown","USA","1","1930:1"
"1013","jimmy-greaves","Jimmy Greaves","England","1","1962:1"
"1014","jimmy-mullen","Jimmy Mullen","England","1","1954:1"
"1015","jimmy-murray","Jimmy Murray","Scotland","1","1958:1"
"1016","jiri-feureisl","Jiri Feureisl","Czechoslovakia","1","1958:1"
"1017","jiri-sobotka","Jiri Sobotka","Czechoslovakia","1","1934:1"
"1018","joao-felix","Joao Felix","Portugal","1","2022:1"
"1019","joao-neves","João Neves","Portugal","1","2026:1"
"1020","joaquin-peiro","Joaquin Peiro","Spain","1","1962:1"
"1021","joe-cole","Joe Cole","England","1","2006:1"
"1022","joe-gaetjens","Joe Gaetjens","USA","1","1950:1"
"1023","joe-maca","Joe Maca","USA","1","1950:1"
"1024","joel-campbell","Joel Campbell","Costa Rica","1","2014:1"
"1025","joel-matip","Joel Matip","Cameroon","1","2014:1"
"1026","johan-walem","Johan Walem","Belgium","1","2002:1"
"1027","john-aldridge","John Aldridge","Ireland","1","1994:1"
"1028","john-aloisi","John Aloisi","Australia","1","2006:1"
"1029","john-brooks","John Brooks","USA","1","2014:1"
"1030","john-charles","John Charles","Wales","1","1958:1"
"1031","john-collins","John Collins","Scotland","1","1998:1"
"1032","john-eriksen","John Eriksen","Denmark","1","1986:1"
"1033","john-haynes","John Haynes","England","1","1958:1"
"1034","john-mcginn","John Mcginn","Scotland","1","2026:1"
"1035","john-o-brien","John O Brien","USA","1","2002:1"
"1036","john-robertson","John Robertson","Scotland","1","1982:1"
"1037","johnny-ekstrom","Johnny Ekstrom","Sweden","1","1990:1"
"1038","jordan-henderson","Jordan Henderson","England","1","2022:1"
"1039","jorge-campos","Jorge Campos","Paraguay","1","2002:1"
"1040","jorge-robledo","Jorge Robledo","Chile","1","1950:1"
"1041","jorge-valdivia","Jorge Valdivia","Chile","1","2014:1"
"1042","jose-brown","Jose Brown","Argentina","1","1986:1"
"1043","jose-cardozo","Jose Cardozo","Paraguay","1","1998:1"
"1044","jose-fonseca","Jose Fonseca","Mexico","1","2006:1"
"1045","jose-gimenez","Jose Gimenez","Uruguay","1","2018:1"
"1046","jose-lamadrid","Jose Lamadrid","Mexico","1","1954:1"
"1047","jose-luis-gonzalez","Jose Luis Gonzalez","Mexico","1","1970:1"
"1048","jose-magrina","Jose Magrina","Cuba","1","1938:1"
"1049","jose-maria-fuste","Jose Maria Fuste","Spain","1","1966:1"
"1050","jose-sanfilippo","Jose Sanfilippo","Argentina","1","1962:1"
"1051","jose-sierra","Jose Sierra","Chile","1","1998:1"
"1052","jose-velasquez","Jose Velasquez","Peru","1","1978:1"
"1053","josef-bican","Josef Bican","Austria","1","1934:1"
"1054","josef-gauchel","Josef Gauchel","Germany","1","1938:1"
"1055","josef-kadraba","Josef Kadraba","Czechoslovakia","1","1962:1"
"1056","josef-kostalek","Josef Kostalek","Czechoslovakia","1","1938:1"
"1057","josef-masopust","Josef Masopust","Czechoslovakia","1","1962:1"
"1058","josef-stibranyi","Josef Stibranyi","Czechoslovakia","1","1962:1"
"1059","josef-zeman","Josef Zeman","Czechoslovakia","1","1938:1"
"1060","josip-drmic","Josip Drmic","Switzerland","1","2018:1"
"1061","josip-katalinski","Josip Katalinski","Yugoslavia","1","1974:1"
"1062","josip-skoblar","Josip Skoblar","Yugoslavia","1","1962:1"
"1063","josko-gvardiol","Josko Gvardiol","Croatia","1","2022:1"
"1064","jovo-lukic","Jovo Lukic","Bosnia & Herzegovina","1","2026:1"
"1065","jozsef-bencsis","Jozsef Bencsis","Hungary","1","1958:1"
"1066","jozsef-bozsik","Jozsef Bozsik","Hungary","1","1958:1"
"1067","jozsef-varga","Jozsef Varga","Hungary","1","1982:1"
"1068","juan","Juan","Brazil","1","2010:1"
"1069","juan-antonio-senor","Juan Antonio Senor","Spain","1","1986:1"
"1070","juan-carlos-valeron","Juan Carlos Valeron","Spain","1","2002:1"
"1071","juan-carreno","Juan Carreno","Mexico","1","1930:1"
"1072","juan-cayasso","Juan Cayasso","Costa Rica","1","1990:1"
"1073","juan-ignacio-basaguren","Juan Ignacio Basaguren","Mexico","1","1970:1"
"1074","juan-letelier","Juan Letelier","Chile","1","1982:1"
"1075","juan-manuel-asensi","Juan Manuel Asensi","Spain","1","1978:1"
"1076","juan-mata","Juan Mata","Spain","1","2014:1"
"1077","juan-mujica","Juan Mujica","Uruguay","1","1970:1"
"1078","juan-vargas","Juan Vargas","Costa Rica","1","2022:1"
"1079","juergen-grabowski","Juergen Grabowski","West Germany","1","1974:1"
"1080","juergen-sparwasser","Juergen Sparwasser","East Germany","1","1974:1"
"1081","julian-green","Julian Green","USA","1","2014:1"
"1082","julio-cortes","Julio Cortes","Uruguay","1","1966:1"
"1083","julio-enciso","Julio Enciso","Paraguay","1","2026:1"
"1084","julio-perez","Julio Perez","Uruguay","1","1950:1"
"1085","julius-aghahowa","Julius Aghahowa","Nigeria","1","2002:1"
"1086","juninho-pernambucano","Juninho Pernambucano","Brazil","1","2006:1"
"1087","junya-ito","Junya Ito","Japan","1","2026:1"
"1088","kaan-ayhan","Kaan Ayhan","Türkiye","1","2026:1"
"1089","kaishu-sano","Kaishu Sano","Japan","1","2026:1"
"1090","kaka","Kaka","Brazil","1","2006:1"
"1091","kakhi-asatiani","Kakhi Asatiani","Soviet Union","1","1970:1"
"1092","kalidou-koulibaly","Kalidou Koulibaly","Senegal","1","2022:1"
"1093","kamil-kopunek","Kamil Kopunek","Slovakia","1","2010:1"
"1094","karim-ansarifard","Karim Ansarifard","Iran","1","2018:1"
"1095","karl-koller","Karl Koller","Austria","1","1958:1"
"1096","karl-sesta","Karl Sesta","Austria","1","1934:1"
"1097","karl-zischek","Karl Zischek","Austria","1","1934:1"
"1098","karl-heinz-schnellinger","Karl-Heinz Schnellinger","West Germany","1","1970:1"
"1099","karlheinz-riedle","Karlheinz Riedle","Germany","1","1994:1"
"1100","karoly-csapo","Karoly Csapo","Hungary","1","1978:1"
"1101","karoly-sandor","Karoly Sandor","Hungary","1","1958:1"
"1102","katlego-mphela","Katlego Mphela","South Africa","1","2010:1"
"1103","keiji-tamada","Keiji Tamada","Japan","1","2006:1"
"1104","keito-nakamura","Keito Nakamura","Japan","1","2026:1"
"1105","kendall-waston","Kendall Waston","Costa Rica","1","2018:1"
"1106","kerim-alajbegovic","Kerim Alajbegovic","Bosnia & Herzegovina","1","2026:1"
"1107","kevin-pina","Kevin Pina","Cape Verde","1","2026:1"
"1108","kevin-sheedy","Kevin Sheedy","Ireland","1","1990:1"
"1109","kevin-prince-boateng","Kevin-Prince Boateng","Ghana","1","2010:1"
"1110","keysher-fuller","Keysher Fuller","Costa Rica","1","2022:1"
"1111","khalid-boutaib","Khalid Boutaib","Morocco","1","2018:1"
"1112","khalid-ismail","Khalid Ismail","United Arab Emirates","1","1990:1"
"1113","khalilou-fadiga","Khalilou Fadiga","Senegal","1","2002:1"
"1114","khoren-oganesian","Khoren Oganesian","Soviet Union","1","1982:1"
"1115","kick-smit","Kick Smit","Netherlands","1","1934:1"
"1116","kieran-trippier","Kieran Trippier","England","1","2018:1"
"1117","kiki-antenen","Kiki Antenen","Switzerland","1","1950:1"
"1118","kiko","Kiko","Spain","1","1998:1"
"1119","kim-jong-boo","Kim Jong Boo","South Korea","1","1986:1"
"1120","knut-kroon","Knut Kroon","Sweden","1","1934:1"
"1121","koo-jacheol","Koo Jacheol","South Korea","1","2014:1"
"1122","ladislav-krejci","Ladislav Krejcí","Czechia","1","2026:1"
"1123","lajos-detari","Lajos Detari","Hungary","1","1986:1"
"1124","lakhdar-belloumi","Lakhdar Belloumi","Algeria","1","1982:1"
"1125","lamine-yamal","Lamine Yamal","Spain","1","2026:1"
"1126","laurent-blanc","Laurent Blanc","France","1","1998:1"
"1127","lazar-szentes","Lazar Szentes","Hungary","1","1982:1"
"1128","lee-chun-soo","Lee Chun Soo","South Korea","1","2006:1"
"1129","lee-eul-yong","Lee Eul Yong","South Korea","1","2002:1"
"1130","lee-keunho","Lee Keunho","South Korea","1","2014:1"
"1131","leen-vente","Leen Vente","Netherlands","1","1934:1"
"1132","leider-preciado","Leider Preciado","Colombia","1","1998:1"
"1133","lennart-skoglund","Lennart Skoglund","Sweden","1","1958:1"
"1134","leo-clijsters","Leo Clijsters","Belgium","1","1990:1"
"1135","leo-stigard","Leo Østigard","Norway","1","2026:1"
"1136","leroy-fer","Leroy Fer","Netherlands","1","2014:1"
"1137","leroy-sane","Leroy Sané","Germany","1","2026:1"
"1138","li-dong-woon","Li Dong Woon","North Korea","1","1966:1"
"1139","liedson","Liedson","Portugal","1","2010:1"
"1140","lisandro-martinez","Lisandro Martínez","Argentina","1","2026:1"
"1141","livano-comenencia","Livano Comenencia","Curaçao","1","2026:1"
"1142","lopez-ufarte","Lopez Ufarte","Spain","1","1982:1"
"1143","lothar-emmerich","Lothar Emmerich","West Germany","1","1966:1"
"1144","lovro-majer","Lovro Majer","Croatia","1","2022:1"
"1145","lubos-kubik","Lubos Kubik","Czechoslovakia","1","1990:1"
"1146","luc-nilis","Luc Nilis","Belgium","1","1998:1"
"1147","lucas-paqueta","Lucas Paqueta","Brazil","1","2022:1"
"1148","lucas-radebe","Lucas Radebe","South Africa","1","2002:1"
"1149","lucien-laurent","Lucien Laurent","France","1","1930:1"
"1150","ludo-coeck","Ludo Coeck","Belgium","1","1982:1"
"1151","ludovico-avio","Ludovico Avio","Argentina","1","1958:1"
"1152","ludwig-augustinsson","Ludwig Augustinsson","Sweden","1","2018:1"
"1153","luigi-di-biagio","Luigi Di Biagio","Italy","1","1998:1"
"1154","luis-chavez","Luis Chavez","Mexico","1","2022:1"
"1155","luis-diaz","Luis Díaz","Colombia","1","2026:1"
"1156","luis-fernandez","Luis Fernandez","France","1","1986:1"
"1157","luis-flores","Luis Flores","Mexico","1","1986:1"
"1158","luis-ramirez","Luis Ramirez","El Salvador","1","1982:1"
"1159","luis-regueiro","Luis Regueiro","Spain","1","1934:1"
"1160","luis-romo","Luis Romo","Mexico","1","2026:1"
"1161","luis-souza","Luis Souza","Peru","1","1930:1"
"1162","luis-vargas-pena","Luis Vargas Pena","Paraguay","1","1930:1"
"1163","magdy-abdelghany","Magdy Abdelghany","Egypt","1","1990:1"
"1164","mahjoub-ghazouani","Mahjoub Ghazouani","Morocco","1","1970:1"
"1165","mahmoud-abunada","Mahmoud Abunada","Qatar","1","2026:1"
"1166","mahmoud-saber","Mahmoud Saber","Egypt","1","2026:1"
"1167","maicon","Maicon","Brazil","1","2010:1"
"1168","maksym-kalinichenko","Maksym Kalinichenko","Ukraine","1","2006:1"
"1169","maneca","Maneca","Brazil","1","1950:1"
"1170","manuel-akanji","Manuel Akanji","Switzerland","1","2022:1"
"1171","manuel-amoros","Manuel Amoros","France","1","1986:1"
"1172","manuel-negrete","Manuel Negrete","Mexico","1","1986:1"
"1173","manuel-sanchis","Manuel Sanchis","Spain","1","1966:1"
"1174","marc-berdoll","Marc Berdoll","France","1","1978:1"
"1175","marc-overmars","Marc Overmars","Netherlands","1","1998:1"
"1176","marc-rieper","Marc Rieper","Denmark","1","1998:1"
"1177","marcel-langiller","Marcel Langiller","France","1","1930:1"
"1178","marcel-sabitzer","Marcel Sabitzer","Austria","1","2026:1"
"1179","marcelino-bernal","Marcelino Bernal","Mexico","1","1994:1"
"1180","marcell-jansen","Marcell Jansen","Germany","1","2010:1"
"1181","marcin-zewlakow","Marcin Zewlakow","Poland","1","2002:1"
"1182","marcio-santos","Marcio Santos","Brazil","1","1994:1"
"1183","marco-asensio","Marco Asensio","Spain","1","2022:1"
"1184","marco-bode","Marco Bode","Germany","1","2002:1"
"1185","marco-reus","Marco Reus","Germany","1","2018:1"
"1186","marcos-coll","Marcos Coll","Colombia","1","1962:1"
"1187","marcos-urena","Marcos Urena","Costa Rica","1","2014:1"
"1188","marcus-allback","Marcus Allback","Sweden","1","2006:1"
"1189","marcus-holmgren-pedersen","Marcus Holmgren Pedersen","Norway","1","2026:1"
"1190","marino-klinger","Marino Klinger","Colombia","1","1962:1"
"1191","mario-balotelli","Mario Balotelli","Italy","1","2014:1"
"1192","mario-evaristo","Mario Evaristo","Argentina","1","1930:1"
"1193","mario-fernandes","Mario Fernandes","Russia","1","2018:1"
"1194","mario-stanic","Mario Stanic","Croatia","1","1998:1"
"1195","marius-tresor","Marius Tresor","France","1","1982:1"
"1196","mark-gonzalez","Mark Gonzalez","Chile","1","2010:1"
"1197","mark-wright","Mark Wright","England","1","1990:1"
"1198","marko-livaja","Marko Livaja","Croatia","1","2022:1"
"1199","marko-pantelic","Marko Pantelic","Serbia","1","2010:1"
"1200","martin-baturina","Martin Baturina","Croatia","1","2026:1"
"1201","martin-demichelis","Martin Demichelis","Argentina","1","2010:1"
"1202","martin-hoffmann","Martin Hoffmann","East Germany","1","1974:1"
"1203","martin-jorgensen","Martin Jorgensen","Denmark","1","1998:1"
"1204","martin-palermo","Martin Palermo","Argentina","1","2010:1"
"1205","marton-esterhazy","Marton Esterhazy","Hungary","1","1986:1"
"1206","masashi-nakayama","Masashi Nakayama","Japan","1","1998:1"
"1207","mateo-chavez","Mateo Chávez","Mexico","1","2026:1"
"1208","mathew-leckie","Mathew Leckie","Australia","1","2022:1"
"1209","mathias-jorgensen","Mathias Jorgensen","Denmark","1","2018:1"
"1210","mathieu-valbuena","Mathieu Valbuena","France","1","2014:1"
"1211","matias-galarza","Matías Galarza","Paraguay","1","2026:1"
"1212","matt-holland","Matt Holland","Ireland","1","2002:1"
"1213","matt-upson","Matt Upson","England","1","2010:1"
"1214","matthias-sindelar","Matthias Sindelar","Austria","1","1934:1"
"1215","mattias-svanberg","Mattias Svanberg","Sweden","1","2026:1"
"1216","mauricio","Maurício","Paraguay","1","2026:1"
"1217","mauricio-pineda","Mauricio Pineda","Argentina","1","1998:1"
"1218","mauricio-wright","Mauricio Wright","Costa Rica","1","2002:1"
"1219","maxime-bossis","Maxime Bossis","France","1","1982:1"
"1220","maximiliano-pereira","Maximiliano Pereira","Uruguay","1","2010:1"
"1221","mbaye-niang","Mbaye Niang","Senegal","1","2018:1"
"1222","mehdi-mahdavikia","Mehdi Mahdavikia","Iran","1","1998:1"
"1223","michael-bradley","Michael Bradley","USA","1","2010:1"
"1224","michal-sadilek","Michal Sadílek","Czechia","1","2026:1"
"1225","michel-de-wolf","Michel De Wolf","Belgium","1","1990:1"
"1226","miguel-benitez","Miguel Benitez","Paraguay","1","1998:1"
"1227","miguel-brindisi","Miguel Brindisi","Argentina","1","1974:1"
"1228","miguel-neira","Miguel Neira","Chile","1","1982:1"
"1229","milan-badelj","Milan Badelj","Croatia","1","2018:1"
"1230","milan-jovanovic","Milan Jovanovic","Serbia","1","2010:1"
"1231","milan-luhovy","Milan Luhovy","Czechoslovakia","1","1990:1"
"1232","milan-rapaic","Milan Rapaic","Croatia","1","2002:1"
"1233","milenko-acimovic","Milenko Acimovic","Slovenia","1","2002:1"
"1234","milos-milutinovic","Milos Milutinovic","Yugoslavia","1","1954:1"
"1235","miralem-pjanic","Miralem Pjanic","Bosnia-Herzegovina","1","2014:1"
"1236","miro-muheim","Miro Muheim","Switzerland","1","2026:1"
"1237","mislav-orsic","Mislav Orsic","Croatia","1","2022:1"
"1238","mitch-duke","Mitch Duke","Australia","1","2022:1"
"1239","mo-johnston","Mo Johnston","Scotland","1","1990:1"
"1240","mohamed-kader","Mohamed Kader","Togo","1","2006:1"
"1241","mohamed-manai","Mohamed Manai","Qatar","1","2026:1"
"1242","mohammad-mohebbi","Mohammad Mohebbi","Iran","1","2026:1"
"1243","mohammed-chaouch","Mohammed Chaouch","Morocco","1","1994:1"
"1244","mohammed-muntari","Mohammed Muntari","Qatar","1","2022:1"
"1245","mohammed-salisu","Mohammed Salisu","Ghana","1","2022:1"
"1246","moises-caicedo","Moises Caicedo","Ecuador","1","2022:1"
"1247","mokhtar-douieb","Mokhtar Douieb","Tunisia","1","1978:1"
"1248","mordechai-spiegler","Mordechai Spiegler","Israel","1","1970:1"
"1249","mousa-al-tamari","Mousa Al-Tamari","Jordan","1","2026:1"
"1250","moussa-sissoko","Moussa Sissoko","France","1","2014:1"
"1251","moussa-wague","Moussa Wague","Senegal","1","2018:1"
"1252","mustafa-ertan","Mustafa Ertan","Turkey","1","1954:1"
"1253","mustafa-hadji","Mustafa Hadji","Morocco","1","1998:1"
"1254","mutiu-adepoju","Mutiu Adepoju","Nigeria","1","1998:1"
"1255","nacer-chadli","Nacer Chadli","Belgium","1","2018:1"
"1256","nacho","Nacho","Spain","1","2018:1"
"1257","nadhir-benbouali","Nadhir Benbouali","Algeria","1","2026:1"
"1258","nahuel-molina","Nahuel Molina","Argentina","1","2022:1"
"1259","nani","Nani","Portugal","1","2014:1"
"1260","nathan-saliba","Nathan Saliba","Canada","1","2026:1"
"1261","nathaniel-brown","Nathaniel Brown","Germany","1","2026:1"
"1262","nejib-ghommidh","Nejib Ghommidh","Tunisia","1","1978:1"
"1263","nestory-irankunda","Nestory Irankunda","Australia","1","2026:1"
"1264","niall-quinn","Niall Quinn","Ireland","1","1990:1"
"1265","nicklas-bendtner","Nicklas Bendtner","Denmark","1","2010:1"
"1266","niclas-alexandersson","Niclas Alexandersson","Sweden","1","2002:1"
"1267","nico-schlotterbeck","Nico Schlotterbeck","Germany","1","2026:1"
"1268","nicolae-kovacs","Nicolae Kovacs","Romania","1","1930:1"
"1269","nikita-simonyan","Nikita Simonyan","Soviet Union","1","1958:1"
"1270","niko-kovac","Niko Kovac","Croatia","1","2006:1"
"1271","nikola-vlasic","Nikola Vlasic","Croatia","1","2026:1"
"1272","nikola-zigic","Nikola Zigic","Serbia and Montenegro","1","2006:1"
"1273","nilson-angulo","Nilson Angulo","Ecuador","1","2026:1"
"1274","nilton-santos","Nilton Santos","Brazil","1","1958:1"
"1275","nizar-al-rashdan","Nizar Al-Rashdan","Jordan","1","2026:1"
"1276","norberto-menendez","Norberto Menendez","Argentina","1","1958:1"
"1277","norman-whiteside","Norman Whiteside","Northern Ireland","1","1986:1"
"1278","nuno-gomes","Nuno Gomes","Portugal","1","2006:1"
"1279","nuno-mendes","Nuno Mendes","Portugal","1","2026:1"
"1280","oh-hyeon-gyu","Oh Hyeon-Gyu","South Korea","1","2026:1"
"1281","ola-toivonen","Ola Toivonen","Sweden","1","2018:1"
"1282","oleg-protasov","Oleg Protasov","Soviet Union","1","1990:1"
"1283","omar-rekik","Omar Rekik","Tunisia","1","2026:1"
"1284","oribe-peralta","Oribe Peralta","Mexico","1","2014:1"
"1285","oscar-duarte","Oscar Duarte","Costa Rica","1","2014:1"
"1286","oscar-heisserer","Oscar Heisserer","France","1","1938:1"
"1287","oscar-ruggeri","Oscar Ruggeri","Argentina","1","1986:1"
"1288","osman-bukari","Osman Bukari","Ghana","1","2022:1"
"1289","osvaldo-ardiles","Osvaldo Ardiles","Argentina","1","1982:1"
"1290","otto-siffling","Otto Siffling","Germany","1","1934:1"
"1291","ove-grahn","Ove Grahn","Sweden","1","1970:1"
"1292","pablo-armero","Pablo Armero","Colombia","1","2014:1"
"1293","pablo-bengoechea","Pablo Bengoechea","Uruguay","1","1990:1"
"1294","paik-seungho","Paik Seungho","South Korea","1","2022:1"
"1295","pak-doo-ik","Pak Doo Ik","North Korea","1","1966:1"
"1296","pal-teleki","Pal Teleki","Hungary","1","1934:1"
"1297","paolo-barison","Paolo Barison","Italy","1","1966:1"
"1298","paolo-guerrero","Paolo Guerrero","Peru","1","2018:1"
"1299","park-chang-sun","Park Chang Sun","South Korea","1","1986:1"
"1300","park-chuyoung","Park Chuyoung","South Korea","1","2010:1"
"1301","patrick-vervoort","Patrick Vervoort","Belgium","1","1990:1"
"1302","paul-caligiuri","Paul Caligiuri","USA","1","1990:1"
"1303","paul-mariner","Paul Mariner","England","1","1982:1"
"1304","paul-scholes","Paul Scholes","England","1","1998:1"
"1305","paulinho","Paulinho","Brazil","1","2018:1"
"1306","pavel-yakovenko","Pavel Yakovenko","Soviet Union","1","1986:1"
"1307","pawel-kryszalowicz","Pawel Kryszalowicz","Poland","1","2002:1"
"1308","pedro-monzon","Pedro Monzon","Argentina","1","1990:1"
"1309","pedro-pasculli","Pedro Pasculli","Argentina","1","1986:1"
"1310","pedro-rocha","Pedro Rocha","Uruguay","1","1966:1"
"1311","pedro-troglio","Pedro Troglio","Argentina","1","1990:1"
"1312","pep-guardiola","Pep Guardiola","Spain","1","1994:1"
"1313","petar-musa","Petar Musa","Croatia","1","2026:1"
"1314","petar-radakovic","Petar Radakovic","Yugoslavia","1","1962:1"
"1315","petar-sucic","Petar Sucic","Croatia","1","2026:1"
"1316","peter-beardsley","Peter Beardsley","England","1","1986:1"
"1317","peter-crouch","Peter Crouch","England","1","2006:1"
"1318","peter-lorimer","Peter Lorimer","Scotland","1","1974:1"
"1319","peter-moller","Peter Moller","Denmark","1","1998:1"
"1320","peter-odemwingie","Peter Odemwingie","Nigeria","1","2014:1"
"1321","peter-van-der-heyden","Peter Van Der Heyden","Belgium","1","2002:1"
"1322","phil-foden","Phil Foden","England","1","2022:1"
"1323","philipp-lahm","Philipp Lahm","Germany","1","2006:1"
"1324","philippe-senderos","Philippe Senderos","Switzerland","1","2006:1"
"1325","pierre-njanka","Pierre Njanka","Cameroon","1","1998:1"
"1326","pierre-van-hooijdonk","Pierre Van Hooijdonk","Netherlands","1","1998:1"
"1327","pietro-anastasi","Pietro Anastasi","Italy","1","1974:1"
"1328","pietro-ferraris","Pietro Ferraris","Italy","1","1938:1"
"1329","piotr-zielinski","Piotr Zielinski","Poland","1","2022:1"
"1330","pirri","Pirri","Spain","1","1966:1"
"1331","plamen-getov","Plamen Getov","Bulgaria","1","1986:1"
"1332","predrag-mijatovic","Predrag Mijatovic","Yugoslavia","1","1998:1"
"1333","promise-david","Promise David","Canada","1","2026:1"
"1334","quinton-fortune","Quinton Fortune","South Africa","1","2002:1"
"1335","rabah-madjer","Rabah Madjer","Algeria","1","1982:1"
"1336","radamel-falcao","Radamel Falcao","Colombia","1","2018:1"
"1337","radhi-jaidi","Radhi Jaidi","Tunisia","1","2006:1"
"1338","radivoje-ognjanovic","Radivoje Ognjanovic","Yugoslavia","1","1958:1"
"1339","rafik-belghali","Rafik Belghali","Algeria","1","2026:1"
"1340","rafik-halliche","Rafik Halliche","Algeria","1","2014:1"
"1341","raheem-sterling","Raheem Sterling","England","1","2022:1"
"1342","rai","Rai","Brazil","1","1994:1"
"1343","rainer-bonhof","Rainer Bonhof","West Germany","1","1974:1"
"1344","rajko-mitic","Rajko Mitic","Yugoslavia","1","1950:1"
"1345","ramaz-shengelia","Ramaz Shengelia","Soviet Union","1","1982:1"
"1346","ramon-diaz","Ramon Diaz","Argentina","1","1982:1"
"1347","ramon-heredia","Ramon Heredia","Argentina","1","1974:1"
"1348","randal-kolo-muani","Randal Kolo Muani","France","1","2022:1"
"1349","raouf-bouzaiene","Raouf Bouzaiene","Tunisia","1","2002:1"
"1350","raphael-guerreiro","Raphael Guerreiro","Portugal","1","2022:1"
"1351","raphael-varane","Raphael Varane","France","1","2018:1"
"1352","rasheed-yekini","Rasheed Yekini","Nigeria","1","1994:1"
"1353","raul-meireles","Raul Meireles","Portugal","1","2010:1"
"1354","raul-servin","Raul Servin","Mexico","1","1986:1"
"1355","ray-houghton","Ray Houghton","Ireland","1","1994:1"
"1356","reinaldo","Reinaldo","Brazil","1","1978:1"
"1357","reinhold-hintermaier","Reinhold Hintermaier","Austria","1","1982:1"
"1358","remo-freuler","Remo Freuler","Switzerland","1","2022:1"
"1359","renato-augusto","Renato Augusto","Brazil","1","2018:1"
"1360","renato-zaccarelli","Renato Zaccarelli","Italy","1","1978:1"
"1361","rene-bader","Rene Bader","Switzerland","1","1950:1"
"1362","rene-girard","Rene Girard","France","1","1982:1"
"1363","rene-van-de-kerkhof","Rene Van De Kerkhof","Netherlands","1","1978:1"
"1364","rene-pierre-quentin","Rene-Pierre Quentin","Switzerland","1","1966:1"
"1365","reza-ghoochannejhad","Reza Ghoochannejhad","Iran","1","2014:1"
"1366","ricardo-horta","Ricardo Horta","Portugal","1","2022:1"
"1367","ricardo-pavoni","Ricardo Pavoni","Uruguay","1","1974:1"
"1368","ricardo-quaresma","Ricardo Quaresma","Portugal","1","2018:1"
"1369","richard-herrmann","Richard Herrmann","West Germany","1","1954:1"
"1370","richard-morales","Richard Morales","Uruguay","1","2002:1"
"1371","rik-coppens","Rik Coppens","Belgium","1","1954:1"
"1372","rildo","Rildo","Brazil","1","1966:1"
"1373","rio-ferdinand","Rio Ferdinand","England","1","2002:1"
"1374","robert-earle","Robert Earle","Jamaica","1","1998:1"
"1375","robert-jarni","Robert Jarni","Croatia","1","1998:1"
"1376","robert-koren","Robert Koren","Slovenia","1","2010:1"
"1377","roberto","Roberto","Brazil","1","1938:1"
"1378","roberto-ayala","Roberto Ayala","Argentina","1","2006:1"
"1379","roberto-carlos","Roberto Carlos","Brazil","1","2002:1"
"1380","roberto-challe","Roberto Challe","Peru","1","1970:1"
"1381","roberto-firmino","Roberto Firmino","Brazil","1","2018:1"
"1382","roberto-gayon","Roberto Gayon","Mexico","1","1930:1"
"1383","rodrigo-millar","Rodrigo Millar","Chile","1","2010:1"
"1384","roger-flores","Roger Flores","Costa Rica","1","1990:1"
"1385","roger-ljung","Roger Ljung","Sweden","1","1994:1"
"1386","rolf-wuethrich","Rolf Wuethrich","Switzerland","1","1962:1"
"1387","romain-saiss","Romain Saiss","Morocco","1","2022:1"
"1388","romano-schmid","Romano Schmid","Austria","1","2026:1"
"1389","romaric","Romaric","Côte d'Ivoire","1","2010:1"
"1390","ronald-gonzalez","Ronald Gonzalez","Costa Rica","1","1990:1"
"1391","ronald-koeman","Ronald Koeman","Netherlands","1","1990:1"
"1392","roozbeh-cheshmi","Roozbeh Cheshmi","Iran","1","2022:1"
"1393","roque-santa-cruz","Roque Santa Cruz","Paraguay","1","2002:1"
"1394","ruben-ayala","Ruben Ayala","Argentina","1","1974:1"
"1395","ruben-diaz","Ruben Diaz","Peru","1","1982:1"
"1396","rudolf-noack","Rudolf Noack","Germany","1","1934:1"
"1397","ruediger-abramczik","Ruediger Abramczik","West Germany","1","1978:1"
"1398","rui-costa","Rui Costa","Portugal","1","2002:1"
"1399","ruud-gullit","Ruud Gullit","Netherlands","1","1990:1"
"1400","ruud-krol","Ruud Krol","Netherlands","1","1974:1"
"1401","ruud-van-nistelrooij","Ruud Van Nistelrooij","Netherlands","1","2006:1"
"1402","sadio-mane","Sadio Mane","Senegal","1","2018:1"
"1403","safet-susic","Safet Susic","Yugoslavia","1","1990:1"
"1404","said-al-owairan","Said Al Owairan","Saudi Arabia","1","1994:1"
"1405","saleh-alshehri","Saleh Alshehri","Saudi Arabia","1","2022:1"
"1406","salif-diao","Salif Diao","Senegal","1","2002:1"
"1407","salman-alfaraj","Salman Alfaraj","Saudi Arabia","1","2018:1"
"1408","salomon-kalou","Salomon Kalou","Côte d'Ivoire","1","2010:1"
"1409","sammy-baird","Sammy Baird","Scotland","1","1958:1"
"1410","samson-siasia","Samson Siasia","Nigeria","1","1994:1"
"1411","samuel-umtiti","Samuel Umtiti","France","1","2018:1"
"1412","sandor-zombori","Sandor Zombori","Hungary","1","1978:1"
"1413","sandro-mazzola","Sandro Mazzola","Italy","1","1966:1"
"1414","sasa-ilic","Sasa Ilic","Serbia and Montenegro","1","2006:1"
"1415","sasa-kalajdzic","Sasa Kalajdzic","Austria","1","2026:1"
"1416","sebastian-berhalter","Sebastian Berhalter","United States","1","2026:1"
"1417","sebastijan-cimirotic","Sebastijan Cimirotic","Slovenia","1","2002:1"
"1418","seo-jung-won","Seo Jung Won","South Korea","1","1994:1"
"1419","seol-ki-hyeon","Seol Ki Hyeon","South Korea","1","2002:1"
"1420","serge-gnabry","Serge Gnabry","Germany","1","2022:1"
"1421","sergei-baltacha","Sergei Baltacha","Soviet Union","1","1982:1"
"1422","sergei-rodionov","Sergei Rodionov","Soviet Union","1","1986:1"
"1423","sergej-milinkovic-savic","Sergej Milinkovic-Savic","Serbia","1","2022:1"
"1424","sergio-ahumada","Sergio Ahumada","Chile","1","1974:1"
"1425","serguei-aleinikov","Serguei Aleinikov","Soviet Union","1","1986:1"
"1426","serhiy-rebrov","Serhiy Rebrov","Ukraine","1","2006:1"
"1427","shane-smeltz","Shane Smeltz","New Zealand","1","2010:1"
"1428","shinji-kagawa","Shinji Kagawa","Japan","1","2018:1"
"1429","shunsuke-nakamura","Shunsuke Nakamura","Japan","1","2006:1"
"1430","sidny-lopes-cabral","Sidny Lopes Cabral","Cape Verde","1","2026:1"
"1431","sigi-held","Sigi Held","West Germany","1","1966:1"
"1432","silviu-bindea","Silviu Bindea","Romania","1","1938:1"
"1433","sinisa-mihajlovic","Sinisa Mihajlovic","Yugoslavia","1","1998:1"
"1434","siphiwe-tshabalala","Siphiwe Tshabalala","South Africa","1","2010:1"
"1435","siyabonga-nomvethe","Siyabonga Nomvethe","South Africa","1","2002:1"
"1436","skander-souayeh","Skander Souayeh","Tunisia","1","1998:1"
"1437","sofiane-feghouli","Sofiane Feghouli","Algeria","1","2014:1"
"1438","sohrab-bakhtiarizadeh","Sohrab Bakhtiarizadeh","Iran","1","2006:1"
"1439","sokratis-papastathopoulos","Sokratis Papastathopoulos","Greece","1","2014:1"
"1440","sol-campbell","Sol Campbell","England","1","2002:1"
"1441","song-chong-gug","Song Chong Gug","South Korea","1","2002:1"
"1442","soren-lerby","Soren Lerby","Denmark","1","1986:1"
"1443","stan-libuda","Stan Libuda","West Germany","1","1970:1"
"1444","stan-mortensen","Stan Mortensen","England","1","1950:1"
"1445","stanislaus-kobierski","Stanislaus Kobierski","Germany","1","1934:1"
"1446","stefan-de-vrij","Stefan De Vrij","Netherlands","1","2014:1"
"1447","stefan-majewski","Stefan Majewski","Poland","1","1982:1"
"1448","stephane-chapuisat","Stephane Chapuisat","Switzerland","1","1994:1"
"1449","stephane-demol","Stephane Demol","Belgium","1","1986:1"
"1450","stephen-appiah","Stephen Appiah","Ghana","1","2006:1"
"1451","stephen-eustaquio","Stephen Eustáquio","Canada","1","2026:1"
"1452","steve-archibald","Steve Archibald","Scotland","1","1982:1"
"1453","steve-sumner","Steve Sumner","New Zealand","1","1982:1"
"1454","steve-wooddin","Steve Wooddin","New Zealand","1","1982:1"
"1455","steven-zuber","Steven Zuber","Switzerland","1","2018:1"
"1456","stjepan-bobek","Stjepan Bobek","Yugoslavia","1","1950:1"
"1457","strahinja-pavlovic","Strahinja Pavlovic","Serbia","1","2022:1"
"1458","stuart-mccall","Stuart Mccall","Scotland","1","1990:1"
"1459","sunday-oliseh","Sunday Oliseh","Nigeria","1","1998:1"
"1460","takayuki-suzuki","Takayuki Suzuki","Japan","1","2002:1"
"1461","takuma-asano","Takuma Asano","Japan","1","2022:1"
"1462","tarcisio-burgnich","Tarcisio Burgnich","Italy","1","1970:1"
"1463","tedj-bensaoula","Tedj Bensaoula","Algeria","1","1982:1"
"1464","teofilo-gutierrez","Teofilo Gutierrez","Colombia","1","2014:1"
"1465","terry-medwin","Terry Medwin","Wales","1","1958:1"
"1466","thapelo-maseko","Thapelo Maseko","South Africa","1","2026:1"
"1467","thelo-aasgaard","Thelo Aasgaard","Norway","1","2026:1"
"1468","theo-de-jong","Theo De Jong","Netherlands","1","1974:1"
"1469","theo-hernandez","Theo Hernandez","France","1","2022:1"
"1470","thomas-helveg","Thomas Helveg","Denmark","1","1998:1"
"1471","thomas-linke","Thomas Linke","Germany","1","2002:1"
"1472","thomas-meunier","Thomas Meunier","Belgium","1","2018:1"
"1473","thomas-sjoberg","Thomas Sjoberg","Sweden","1","1978:1"
"1474","tihomir-ognjanov","Tihomir Ognjanov","Yugoslavia","1","1950:1"
"1475","tijani-babangida","Tijani Babangida","Nigeria","1","1998:1"
"1476","tim-weah","Tim Weah","USA","1","2022:1"
"1477","todor-kolev","Todor Kolev","Bulgaria","1","1970:1"
"1478","tom-florie","Tom Florie","USA","1","1930:1"
"1479","tom-turesson","Tom Turesson","Sweden","1","1970:1"
"1480","tomas-balcazar","Tomas Balcazar","Mexico","1","1954:1"
"1481","tomas-fernandez","Tomas Fernandez","Cuba","1","1938:1"
"1482","toni-polster","Toni Polster","Austria","1","1998:1"
"1483","toni-schall","Toni Schall","Austria","1","1934:1"
"1484","tore-andre-flo","Tore Andre Flo","Norway","1","1998:1"
"1485","tore-keller","Tore Keller","Sweden","1","1938:1"
"1486","torsten-frings","Torsten Frings","Germany","1","2006:1"
"1487","tranquillo-barnetta","Tranquillo Barnetta","Switzerland","1","2006:1"
"1488","trezeguet","Trézéguet","Egypt","1","2026:1"
"1489","txiki-beguiristain","Txiki Beguiristain","Spain","1","1994:1"
"1490","uli-hoeness","Uli Hoeness","West Germany","1","1974:1"
"1491","uwe-bein","Uwe Bein","West Germany","1","1990:1"
"1492","uwe-reinders","Uwe Reinders","West Germany","1","1982:1"
"1493","vaclav-masek","Vaclav Masek","Czechoslovakia","1","1962:1"
"1494","valdomiro","Valdomiro","Brazil","1","1974:1"
"1495","valeri-karpin","Valeri Karpin","Russia","1","2002:1"
"1496","valter-birsa","Valter Birsa","Slovenia","1","2010:1"
"1497","varela","Varela","Portugal","1","2014:1"
"1498","vasileios-torosidis","Vasileios Torosidis","Greece","1","2010:1"
"1499","vasili-rats","Vasili Rats","Soviet Union","1","1986:1"
"1500","vedad-ibisevic","Vedad Ibisevic","Bosnia-Herzegovina","1","2014:1"
"1501","victor-esparrago","Victor Esparrago","Uruguay","1","1970:1"
"1502","victor-ikpeba","Victor Ikpeba","Nigeria","1","1998:1"
"1503","victor-moses","Victor Moses","Nigeria","1","2018:1"
"1504","victor-rangel","Victor Rangel","Mexico","1","1978:1"
"1505","viktor-gyokeres","Viktor Gyökeres","Sweden","1","2026:1"
"1506","vilmos-kohut","Vilmos Kohut","Hungary","1","1938:1"
"1507","vinicius-jr","Vinicius Jr","Brazil","1","2022:1"
"1508","virgil-van-dijk","Virgil Van Dijk","Netherlands","1","2026:1"
"1509","vitali-khmelnitski","Vitali Khmelnitski","Soviet Union","1","1970:1"
"1510","vladimir-beschastnykh","Vladimir Beschastnykh","Russia","1","2002:1"
"1511","vladimir-petrovic","Vladimir Petrovic","Yugoslavia","1","1982:1"
"1512","vladislav-bogicevic","Vladislav Bogicevic","Yugoslavia","1","1974:1"
"1513","vlastimil-kopecky","Vlastimil Kopecky","Czechoslovakia","1","1938:1"
"1514","vojislav-melic","Vojislav Melic","Yugoslavia","1","1962:1"
"1515","wayne-rooney","Wayne Rooney","England","1","2014:1"
"1516","wesley-sonck","Wesley Sonck","Belgium","1","2002:1"
"1517","wilbur-cush","Wilbur Cush","Northern Ireland","1","1958:1"
"1518","wilf-mannion","Wilf Mannion","England","1","1950:1"
"1519","wilhelm-hahnemann","Wilhelm Hahnemann","Germany","1","1938:1"
"1520","willy-jaeggi","Willy Jaeggi","Switzerland","1","1934:1"
"1521","willy-van-de-kerkhof","Willy Van De Kerkhof","Netherlands","1","1978:1"
"1522","wilson-isidor","Wilson Isidor","Haiti","1","2026:1"
"1523","wilson-oruma","Wilson Oruma","Nigeria","1","1998:1"
"1524","wim-kieft","Wim Kieft","Netherlands","1","1990:1"
"1525","winston-parks","Winston Parks","Costa Rica","1","2002:1"
"1526","winston-reid","Winston Reid","New Zealand","1","2010:1"
"1527","wlodzimierz-ciolek","Wlodzimierz Ciolek","Poland","1","1982:1"
"1528","wolfgang-weber","Wolfgang Weber","West Germany","1","1966:1"
"1529","yahya-golmohammadi","Yahya Golmohammadi","Iran","1","2006:1"
"1530","yakubu-ayegbeni","Yakubu Ayegbeni","Nigeria","1","2010:1"
"1531","yang-seung-kook","Yang Seung Kook","North Korea","1","1966:1"
"1532","yasser-al-qahtani","Yasser Al Qahtani","Saudi Arabia","1","2006:1"
"1533","yasser-ibrahim","Yasser Ibrahim","Egypt","1","2026:1"
"1534","yassine-bounou","Yassine Bounou","Morocco","1","2026:1"
"1535","yasuhito-endo","Yasuhito Endo","Japan","1","2010:1"
"1536","yaya-toure","Yaya Toure","Côte d'Ivoire","1","2010:1"
"1537","yazan-al-arab","Yazan Al-Arab","Jordan","1","2026:1"
"1538","yeltsin-tejeda","Yeltsin Tejeda","Costa Rica","1","2022:1"
"1539","youri-djorkaeff","Youri Djorkaeff","France","1","1998:1"
"1540","youssef-al-tunayan","Youssef Al Tunayan","Saudi Arabia","1","1998:1"
"1541","yuri-gavrilov","Yuri Gavrilov","Soviet Union","1","1982:1"
"1542","yussuf-yurary-poulsen","Yussuf Yurary Poulsen","Denmark","1","2018:1"
"1543","yuya-osako","Yuya Osako","Japan","1","2018:1"
"1544","yvon-douis","Yvon Douis","France","1","1958:1"
"1545","zakaria-aboukhlal","Zakaria Aboukhlal","Morocco","1","2022:1"
"1546","zdravko-rajkov","Zdravko Rajkov","Yugoslavia","1","1958:1"
"1547","ze-roberto","Ze Roberto","Brazil","1","2006:1"
"1548","zied-jaziri","Zied Jaziri","Tunisia","1","2006:1"
"1549","zinha","Zinha","Mexico","1","2006:1"
"1550","zito","Zito","Brazil","1","1962:1"
"1551","zlatan-ljubijankic","Zlatan Ljubijankic","Slovenia","1","2010:1"